{
  "train_loss": [
    1.275005121860504,
    0.530739158039093,
    0.4546687069034576,
    0.41255278120040895,
    0.3807683126735687,
    0.3597471659946442,
    0.33684600595474246,
    0.3261306650257111,
    0.30741802125930784,
    0.2966474503517151,
    0.2838450988340378,
    0.2713310479307175,
    0.2626110637187958,
    0.2535225030708313,
    0.2439849830532074,
    0.2401622242164612,
    0.22968787246227265,
    0.22482300653934478,
    0.21673669206142426,
    0.20819524733066558,
    0.20454476210594177,
    0.19728510219573975
  ],
  "train_acc": [
    0.71086,
    0.80916,
    0.83374,
    0.84648,
    0.8584,
    0.86854,
    0.87376,
    0.87822,
    0.886,
    0.88948,
    0.8948,
    0.89744,
    0.90168,
    0.90504,
    0.90766,
    0.90938,
    0.91354,
    0.91526,
    0.91832,
    0.92036,
    0.92136,
    0.92488
  ],
  "val_loss": [
    0.5156795430183411,
    0.426575408411026,
    0.38965159697532653,
    0.366711073589325,
    0.34715851483345034,
    0.3414610005378723,
    0.31820581753253935,
    0.31967986903190615,
    0.29521538503170014,
    0.2934222889780998,
    0.2786865768969059,
    0.2778090190410614,
    0.28598708713054655,
    0.2601067309260368,
    0.2679426404118538,
    0.26084307513833044,
    0.25125275371670724,
    0.25345749553143976,
    0.2643497521400452,
    0.2654890834093094,
    0.2521536822676659,
    0.2526472013771534
  ],
  "val_acc": [
    0.8174,
    0.8497,
    0.863,
    0.8695,
    0.8751,
    0.8776,
    0.8899,
    0.8877,
    0.8934,
    0.901,
    0.9067,
    0.905,
    0.9008,
    0.9072,
    0.9094,
    0.9101,
    0.9109,
    0.912,
    0.9089,
    0.9112,
    0.9143,
    0.9109
  ]
}