{
  "train_loss": [
    1.9682167673110962,
    0.981330383605957,
    0.8454371606063843,
    0.7749374563217163,
    0.7323382257461548,
    0.6941441703987121,
    0.6632563797760009,
    0.6352728234481811,
    0.6154009674453735,
    0.5953975109291076,
    0.5810776306343078,
    0.5639253956985474,
    0.5434046422958374,
    0.5325409266281128,
    0.5219589789962769,
    0.503373145275116,
    0.49697777986526487,
    0.48122583011627196,
    0.4791758464813232,
    0.4672285482406616,
    0.45682482832908633,
    0.4493284679031372,
    0.4430980675983429,
    0.43574056582450865,
    0.4312380264282227,
    0.42122749824523925,
    0.41517718816757204,
    0.40708284987449644,
    0.40404943830490114,
    0.40067629521369935,
    0.3966678333091736,
    0.3895664239883423,
    0.3868818144035339,
    0.3819489243602753,
    0.37670945724487304,
    0.3722529045581818,
    0.3721768166732788,
    0.36670843468666076,
    0.3679552514839172,
    0.3640620189857483,
    0.36085995988845826,
    0.35745100386619566,
    0.3548537318325043,
    0.349071431145668,
    0.346226669549942,
    0.3474714029979706,
    0.34672950976371764,
    0.3404768785381317,
    0.34002387544631957,
    0.33830573696136473
  ],
  "train_acc": [
    0.47902,
    0.63854,
    0.68142,
    0.7085,
    0.72174,
    0.7381,
    0.74976,
    0.75866,
    0.76728,
    0.77618,
    0.78254,
    0.7897,
    0.79732,
    0.80254,
    0.80638,
    0.8136,
    0.8179,
    0.82386,
    0.82312,
    0.82812,
    0.83222,
    0.83536,
    0.83728,
    0.84004,
    0.84274,
    0.84612,
    0.84866,
    0.85048,
    0.85194,
    0.85392,
    0.85574,
    0.8559,
    0.85762,
    0.86166,
    0.86234,
    0.8644,
    0.8637,
    0.8661,
    0.86586,
    0.86678,
    0.86912,
    0.86926,
    0.87032,
    0.87238,
    0.87474,
    0.87224,
    0.87196,
    0.8755,
    0.87586,
    0.87498
  ],
  "val_loss": [
    0.7643133080482483,
    0.6517777917861939,
    0.6175702673435212,
    0.5826062984466552,
    0.5470672066688538,
    0.5271237897396087,
    0.4991866646766663,
    0.4762069795131683,
    0.4707032497882843,
    0.4532470828056335,
    0.4297458311080933,
    0.42884445362091067,
    0.4125236505508423,
    0.41057051463127137,
    0.38504830389022826,
    0.3719522327423096,
    0.36923174781799317,
    0.3647488796710968,
    0.36437362642288207,
    0.351949605679512,
    0.3409170347929001,
    0.34845262093544005,
    0.32864903640747073,
    0.3241578766822815,
    0.3181689180612564,
    0.3165465575218201,
    0.3130606576681137,
    0.3193785865545273,
    0.3016383873462677,
    0.3006543951034546,
    0.29259471052885055,
    0.3023074436664581,
    0.28619326920509336,
    0.29813619976043704,
    0.28624778447151183,
    0.28666464183330537,
    0.2901924309253693,
    0.2851738914370537,
    0.2839368290901184,
    0.2869856493473053,
    0.2681199047088623,
    0.26951226193904876,
    0.2805637961626053,
    0.27519559619426726,
    0.28386068576574325,
    0.26260163366794587,
    0.26625602649450303,
    0.2768218445658684,
    0.26122408079504966,
    0.25843735941052437
  ],
  "val_acc": [
    0.7126,
    0.7545,
    0.7636,
    0.7824,
    0.7958,
    0.7978,
    0.8007,
    0.8171,
    0.8307,
    0.8286,
    0.8401,
    0.8423,
    0.8466,
    0.8483,
    0.8587,
    0.8606,
    0.8602,
    0.8661,
    0.8644,
    0.8705,
    0.8751,
    0.8723,
    0.8781,
    0.881,
    0.883,
    0.8834,
    0.8837,
    0.8796,
    0.8891,
    0.8861,
    0.8917,
    0.8892,
    0.8926,
    0.8904,
    0.8945,
    0.8971,
    0.8938,
    0.8953,
    0.894,
    0.8944,
    0.9016,
    0.9018,
    0.8998,
    0.8997,
    0.8962,
    0.9045,
    0.9028,
    0.8986,
    0.9049,
    0.907
  ]
}