{
  "train_loss": [
    1.0538783648872376,
    0.5323506723022461,
    0.4649748669052124,
    0.4077537512397766,
    0.376895968670845,
    0.3502045622634888,
    0.33289757462501524,
    0.31296408334732057,
    0.29895855892658235,
    0.2870036889076233,
    0.26839137352466585,
    0.2606141066837311,
    0.25234075105428694,
    0.23968441091060638,
    0.23323959275722503,
    0.22360180084228515,
    0.21569878036499024,
    0.21080811398029328,
    0.20104305314540863,
    0.19651234224319458,
    0.19117102886199952
  ],
  "train_acc": [
    0.7168,
    0.8052,
    0.83004,
    0.84924,
    0.86058,
    0.87162,
    0.87784,
    0.88306,
    0.8885,
    0.89246,
    0.90016,
    0.90272,
    0.9061,
    0.90966,
    0.91224,
    0.91522,
    0.91882,
    0.92044,
    0.9239,
    0.9259,
    0.928
  ],
  "val_loss": [
    0.4715662586212158,
    0.40645655620098115,
    0.3779502943754196,
    0.3335939378023148,
    0.3219476578474045,
    0.30165854830741884,
    0.30140656529664994,
    0.2897188319325447,
    0.27866827645301817,
    0.2656376664042473,
    0.2564351605296135,
    0.2571009334206581,
    0.2524801731854677,
    0.2502578629910946,
    0.26647843103408814,
    0.2360259154498577,
    0.24919365452826023,
    0.23934106174707412,
    0.24434347755610944,
    0.25874593563079834,
    0.23942440328747033
  ],
  "val_acc": [
    0.8356,
    0.8575,
    0.8694,
    0.88,
    0.8808,
    0.8949,
    0.8947,
    0.8968,
    0.9017,
    0.9043,
    0.9056,
    0.9081,
    0.9127,
    0.9146,
    0.9104,
    0.9142,
    0.9142,
    0.9164,
    0.9166,
    0.9127,
    0.918
  ]
}