{
  "train_loss": [
    1.9638086225509643,
    0.9728290482902527,
    0.8435498410415649,
    0.7753285412979126,
    0.7349027853012084,
    0.6897996566009521,
    0.6567602294540406,
    0.6320482829093933,
    0.6095254584121704,
    0.5918623696899414,
    0.5747612923622132,
    0.5575826522636413,
    0.5331500756454468,
    0.5260931909179688,
    0.5149383125686645,
    0.4998738654518127,
    0.49191672660827634,
    0.47591612495422364,
    0.47561112085342405,
    0.46348027420043947,
    0.4533200098991394,
    0.44949394929885866,
    0.44014672547340394,
    0.43598052896499634,
    0.4305037107658386,
    0.42339074996948245,
    0.41771254182815554,
    0.4073917072105408,
    0.4078740247344971,
    0.4043928868865967,
    0.4003069251823425,
    0.39664910842895507,
    0.3937777681159973,
    0.386490956029892,
    0.3801984904098511,
    0.37961471852302553,
    0.3761425977802277,
    0.3724876047039032,
    0.372659112701416,
    0.37073810249328615,
    0.3670711022567749,
    0.3610007897377014,
    0.36170529728889467,
    0.3511058149623871,
    0.35280864373207094,
    0.35442406330108644,
    0.34961552051544187,
    0.34756830114364623,
    0.3460026498603821,
    0.3452717312812805
  ],
  "train_acc": [
    0.48078,
    0.64176,
    0.684,
    0.70862,
    0.72286,
    0.73812,
    0.7517,
    0.75986,
    0.76928,
    0.77892,
    0.7863,
    0.79232,
    0.80224,
    0.8052,
    0.8098,
    0.81644,
    0.82026,
    0.82402,
    0.82578,
    0.82982,
    0.8337,
    0.8354,
    0.83916,
    0.83828,
    0.84178,
    0.84486,
    0.84736,
    0.85028,
    0.85156,
    0.85276,
    0.85418,
    0.85468,
    0.85446,
    0.8591,
    0.86098,
    0.86188,
    0.864,
    0.86198,
    0.86512,
    0.86476,
    0.86598,
    0.86748,
    0.8694,
    0.8727,
    0.87324,
    0.86954,
    0.87236,
    0.87298,
    0.87296,
    0.87324
  ],
  "val_loss": [
    0.7541023923873902,
    0.6643548586845398,
    0.6209167443275452,
    0.5681721148967743,
    0.531948416519165,
    0.511540494966507,
    0.49496997590065,
    0.4798640902996063,
    0.4731356136798859,
    0.44395266008377077,
    0.4306382137298584,
    0.4343788895606995,
    0.404213040304184,
    0.4157845458984375,
    0.3870565026283264,
    0.38132908725738524,
    0.3708726023674011,
    0.3576477648973465,
    0.3560805128097534,
    0.3569346521377563,
    0.3379698654174805,
    0.3560853350639343,
    0.32878579046726225,
    0.3362777617454529,
    0.33079090566635133,
    0.3253806722640991,
    0.31434408888816834,
    0.3100184868454933,
    0.3096609457731247,
    0.31108018515110014,
    0.29468549984693526,
    0.30797873072624204,
    0.2944414058446884,
    0.2993635697603226,
    0.29071321330070493,
    0.2823443917512894,
    0.29810566778182984,
    0.2907364092469215,
    0.28059124245643613,
    0.2802348704576492,
    0.277789446246624,
    0.2788100871324539,
    0.2771109705686569,
    0.2746178079843521,
    0.2883590005755424,
    0.26374694085121153,
    0.2657582995057106,
    0.28437533316612246,
    0.2695743044257164,
    0.26226549128890037
  ],
  "val_acc": [
    0.7133,
    0.7483,
    0.7659,
    0.7901,
    0.8029,
    0.8069,
    0.8077,
    0.8194,
    0.8192,
    0.8325,
    0.8362,
    0.8382,
    0.8505,
    0.8483,
    0.8604,
    0.862,
    0.8624,
    0.8684,
    0.8681,
    0.8671,
    0.8765,
    0.8669,
    0.8797,
    0.8766,
    0.8778,
    0.8819,
    0.8876,
    0.8846,
    0.8871,
    0.8838,
    0.8906,
    0.8881,
    0.8897,
    0.8923,
    0.8958,
    0.8969,
    0.8936,
    0.894,
    0.8958,
    0.8975,
    0.8974,
    0.898,
    0.8991,
    0.9024,
    0.891,
    0.904,
    0.9028,
    0.897,
    0.9036,
    0.905
  ]
}