{
  "train_loss": [
    1.4654989914894103,
    0.6310844841575622,
    0.5368676860427857,
    0.4831501759147644,
    0.43786819843292235,
    0.41587017866134646,
    0.39443639904022215,
    0.37672218606948854,
    0.35965464772224426,
    0.34743551738739015,
    0.3335100200366974,
    0.32377257890701294,
    0.3110477818107605,
    0.3029994849586487,
    0.2916560427761078,
    0.2865213448238373,
    0.27377781306266785,
    0.26938712507247925,
    0.26436609278202056,
    0.2540119318628311,
    0.2506734975528717,
    0.24496944942474366,
    0.23980430939674377,
    0.2377452106142044,
    0.22709264350891115,
    0.22270955179214477,
    0.21900838415145873,
    0.215050529961586
  ],
  "train_acc": [
    0.66194,
    0.77154,
    0.80556,
    0.82302,
    0.83878,
    0.84568,
    0.85476,
    0.86076,
    0.86664,
    0.87016,
    0.87608,
    0.87992,
    0.88292,
    0.88536,
    0.8922,
    0.89298,
    0.89738,
    0.89934,
    0.9002,
    0.9046,
    0.9047,
    0.90774,
    0.90914,
    0.91124,
    0.91482,
    0.91604,
    0.91754,
    0.91866
  ],
  "val_loss": [
    0.5528224682807923,
    0.45671210222244263,
    0.4285468369483948,
    0.37536525101661683,
    0.359019767332077,
    0.33981295070648193,
    0.3387830807685852,
    0.32912420263290404,
    0.31087795526981354,
    0.3068886136054993,
    0.29137854659557344,
    0.28475955446362494,
    0.2916332948803902,
    0.2758982114195824,
    0.2763715498924255,
    0.27195027685165407,
    0.2649452881813049,
    0.2651900566756725,
    0.2618794126987457,
    0.2570492513418198,
    0.25657950659394263,
    0.2484515340566635,
    0.24202741109132767,
    0.24653638459146024,
    0.24620045422911643,
    0.24379433398246766,
    0.2489640429377556,
    0.24947594400644302
  ],
  "val_acc": [
    0.8041,
    0.8359,
    0.8473,
    0.8626,
    0.8682,
    0.8763,
    0.8815,
    0.8844,
    0.8878,
    0.8956,
    0.8986,
    0.9004,
    0.8981,
    0.9016,
    0.9046,
    0.9017,
    0.9053,
    0.9076,
    0.906,
    0.9094,
    0.9098,
    0.9127,
    0.9135,
    0.9149,
    0.915,
    0.9153,
    0.9168,
    0.9171
  ]
}