{
  "train_loss": [
    1.4365808983039856,
    0.6235289464569091,
    0.538425274028778,
    0.4893874975013733,
    0.4480420276927948,
    0.4208347670173645,
    0.39815529099464414,
    0.38746573905944826,
    0.3703175677585602,
    0.3556415887832642,
    0.34532587518692015,
    0.3322457591724396,
    0.3217745352745056,
    0.31339964417457583,
    0.3041875496196747,
    0.2966766901302338,
    0.2891094348907471,
    0.2799032553100586,
    0.27562316699981687,
    0.26799482557296755,
    0.2625269026374817,
    0.2557729444408417,
    0.25044507611751554,
    0.24599625727653504,
    0.24204369784355165,
    0.23749140944480895,
    0.2333208019065857,
    0.2289196217250824,
    0.22282256878376008,
    0.22039109377861024,
    0.21594287897348405,
    0.2132865458583832,
    0.2090135184454918
  ],
  "train_acc": [
    0.67334,
    0.77558,
    0.8064,
    0.8225,
    0.83742,
    0.84686,
    0.85562,
    0.85824,
    0.8638,
    0.86688,
    0.87266,
    0.87742,
    0.88202,
    0.88432,
    0.88778,
    0.89016,
    0.89368,
    0.89698,
    0.89712,
    0.90044,
    0.90248,
    0.90344,
    0.90642,
    0.90826,
    0.90978,
    0.91216,
    0.91268,
    0.9154,
    0.9166,
    0.9176,
    0.91954,
    0.9193,
    0.92188
  ],
  "val_loss": [
    0.5504397280693054,
    0.4775552781581879,
    0.4253032489299774,
    0.3984415062069893,
    0.3694869085788727,
    0.3520765788555145,
    0.33358864513635633,
    0.33232544106245043,
    0.32021661986112593,
    0.3025963077545166,
    0.29645834494829176,
    0.2895520149707794,
    0.29488649119138716,
    0.28059090479612353,
    0.2750991344213486,
    0.2619168933093548,
    0.25534761179685594,
    0.2589199019432068,
    0.2581972761631012,
    0.26106706836223603,
    0.25414983376860617,
    0.2465320957303047,
    0.2405042814075947,
    0.23912468639612197,
    0.24524082005023956,
    0.2448440117135644,
    0.2415754407584667,
    0.2303134992852807,
    0.23047694205641747,
    0.23089372520595788,
    0.23964614050388336,
    0.22985531064271927,
    0.2301500128015876
  ],
  "val_acc": [
    0.8002,
    0.8239,
    0.8478,
    0.8537,
    0.8654,
    0.87,
    0.8821,
    0.8774,
    0.8817,
    0.8883,
    0.8924,
    0.8944,
    0.8923,
    0.8968,
    0.8998,
    0.9022,
    0.907,
    0.9036,
    0.9058,
    0.9063,
    0.9094,
    0.9085,
    0.9113,
    0.9104,
    0.9093,
    0.9092,
    0.9109,
    0.9161,
    0.9139,
    0.9157,
    0.9155,
    0.9182,
    0.9201
  ]
}