{
  "train_loss": [
    1.3388329384994506,
    0.555981160697937,
    0.4788533340072632,
    0.434733328742981,
    0.40297519476890564,
    0.378239615354538,
    0.3541373463535309,
    0.33905235050201415,
    0.323689699010849,
    0.31242043699264527,
    0.3006789764404297,
    0.2877969140625,
    0.27578166113853453,
    0.26790378348350524,
    0.25938944944381714,
    0.25153921666145324,
    0.24149712537765503,
    0.23586971377372742,
    0.2292369100856781,
    0.220364730887413,
    0.2143604644203186,
    0.20965318778991698,
    0.20104400775909423,
    0.19834805287361146,
    0.19069387308120728,
    0.18809277884483339,
    0.18198041087150574,
    0.17605363416671754
  ],
  "train_acc": [
    0.69718,
    0.79878,
    0.8255,
    0.8394,
    0.85214,
    0.86216,
    0.868,
    0.8746,
    0.87888,
    0.88356,
    0.88782,
    0.89216,
    0.89622,
    0.8988,
    0.90106,
    0.90386,
    0.90976,
    0.91046,
    0.91442,
    0.91568,
    0.919,
    0.92036,
    0.92258,
    0.9235,
    0.9269,
    0.92754,
    0.93094,
    0.93118
  ],
  "val_loss": [
    0.5098568822860717,
    0.4341773322105408,
    0.3989084257602692,
    0.3630351942539215,
    0.35172221369743345,
    0.3278541847348213,
    0.32265266468524934,
    0.3192437366962433,
    0.31010505855083464,
    0.29443125145435334,
    0.2752943140745163,
    0.2749838573098183,
    0.28283807326555255,
    0.2652067656695843,
    0.27993417456150055,
    0.26243391782045367,
    0.2519201849639416,
    0.2526279164046049,
    0.253069779497385,
    0.24809703266620636,
    0.25211632293462755,
    0.25998181409835813,
    0.2371410849124193,
    0.24628753013908863,
    0.23767328929901124,
    0.24240159278512002,
    0.25001865184009076,
    0.24341104547083378
  ],
  "val_acc": [
    0.8154,
    0.8455,
    0.8589,
    0.8683,
    0.8725,
    0.8813,
    0.8876,
    0.8852,
    0.8902,
    0.8974,
    0.9021,
    0.901,
    0.9016,
    0.9041,
    0.906,
    0.9076,
    0.9093,
    0.9093,
    0.9094,
    0.9123,
    0.911,
    0.9093,
    0.9156,
    0.9157,
    0.9188,
    0.9171,
    0.9179,
    0.9174
  ]
}