{
  "train_loss": [
    0.9461632173442841,
    0.505468242149353,
    0.4363377658653259,
    0.3827541301774979,
    0.34778958744764327,
    0.3223381760382652,
    0.29975134489059446,
    0.2872164661836624,
    0.27079789379119873,
    0.25852744578659537,
    0.24475983829915524,
    0.23409524779438973,
    0.22442857842683792,
    0.2146449001610279,
    0.20508682081878185,
    0.19828246927261353,
    0.19157547632217406,
    0.18408770057201385,
    0.1780035679090023,
    0.17213764145374297,
    0.1662733955013752,
    0.16285518627822398,
    0.1572017818403244
  ],
  "train_acc": [
    0.7271,
    0.81334,
    0.83968,
    0.85912,
    0.87182,
    0.88168,
    0.89002,
    0.8938,
    0.901,
    0.90404,
    0.9087,
    0.91402,
    0.91572,
    0.91898,
    0.92392,
    0.92556,
    0.92724,
    0.931,
    0.93358,
    0.93532,
    0.93744,
    0.93712,
    0.9407
  ],
  "val_loss": [
    0.4960015813350678,
    0.40034547815322874,
    0.3332732382059097,
    0.3151696615576744,
    0.3074841883420944,
    0.2952561911225319,
    0.2699650163173676,
    0.2597203996062279,
    0.255235615670681,
    0.2504813775062561,
    0.2559666602015495,
    0.24600160845518113,
    0.2538304533481598,
    0.24321148773431778,
    0.2600858132004738,
    0.24551168597340584,
    0.2544477039784193,
    0.24212822118848562,
    0.24998539909124373,
    0.2734063232302666,
    0.2495195258051157,
    0.25239252403080464,
    0.25637734193652867
  ],
  "val_acc": [
    0.8274,
    0.8548,
    0.8775,
    0.8847,
    0.8877,
    0.8929,
    0.9014,
    0.9041,
    0.9105,
    0.9111,
    0.9086,
    0.9111,
    0.9132,
    0.9146,
    0.9134,
    0.9176,
    0.9084,
    0.9153,
    0.9159,
    0.9092,
    0.9189,
    0.9171,
    0.9174
  ]
}