{
  "train_loss": [
    3.7148772856903074,
    1.222343794670105,
    1.0072483323478698,
    0.9145276069450379,
    0.8684848460197448,
    0.8224015712928772,
    0.7827444808578491,
    0.7634006085014343,
    0.7406072603607178,
    0.7209638535118102,
    0.7061679594039917,
    0.6908824839401245,
    0.6794464245986939,
    0.6627821432876587,
    0.6515243716049194,
    0.6465411845588684,
    0.6337742227554322,
    0.625664576625824,
    0.6161788385391236,
    0.6150657319450379,
    0.6043671725463867,
    0.5967997436904907,
    0.5888518219947815,
    0.5859944454288483,
    0.5784059616279602,
    0.5739463574981689,
    0.5718411343955994,
    0.5676618891143799,
    0.5573865869998932,
    0.5550403932571412,
    0.552996547241211,
    0.5474915767669678,
    0.5434050603485108,
    0.5410385939025879,
    0.5375951168441773,
    0.5325417035770417,
    0.5299029690742493,
    0.5265533073329925,
    0.5222671657371522,
    0.5182834113883972,
    0.5143704256248474,
    0.511519572134018,
    0.5089521189975739,
    0.508117149438858,
    0.5046929248046875,
    0.4979376011753082,
    0.4988209096908569,
    0.4932453075408936,
    0.49359893115997316,
    0.4903575982761383
  ],
  "train_acc": [
    0.52424,
    0.63134,
    0.67026,
    0.6918,
    0.70598,
    0.7199,
    0.73044,
    0.73638,
    0.74146,
    0.7495,
    0.75202,
    0.75866,
    0.76268,
    0.76932,
    0.76938,
    0.77532,
    0.77732,
    0.77986,
    0.7836,
    0.78534,
    0.78818,
    0.79026,
    0.79246,
    0.79312,
    0.7979,
    0.79706,
    0.79796,
    0.80152,
    0.8039,
    0.80486,
    0.80382,
    0.80496,
    0.8084,
    0.81026,
    0.8084,
    0.812,
    0.81232,
    0.81332,
    0.81402,
    0.81596,
    0.81688,
    0.81954,
    0.81992,
    0.81974,
    0.82148,
    0.82264,
    0.8233,
    0.82382,
    0.82344,
    0.8259
  ],
  "val_loss": [
    1.0394283016204835,
    0.8063013402938842,
    0.733416019153595,
    0.6849980056762696,
    0.65227253074646,
    0.6299616890907288,
    0.6111325998306274,
    0.5924712718009949,
    0.5792200631618499,
    0.5685724758148193,
    0.5570320637226105,
    0.5492819952964783,
    0.5399774575233459,
    0.53100938205719,
    0.5228295851230621,
    0.5201265541076661,
    0.5120428429603576,
    0.5083057615756988,
    0.5037005202770233,
    0.49779413213729856,
    0.49190181665420535,
    0.48811146717071535,
    0.4841659468650818,
    0.48137391033172605,
    0.4772350541114807,
    0.4759499951839447,
    0.4719514849662781,
    0.4675519030094147,
    0.4654661033630371,
    0.46115016770362854,
    0.46209814829826357,
    0.45907495827674866,
    0.45474695382118224,
    0.45297975764274595,
    0.45050292024612426,
    0.448971133184433,
    0.4469436681747436,
    0.4442503112792969,
    0.4408891676425934,
    0.440459022808075,
    0.43687105598449705,
    0.4374191478729248,
    0.4337913836479187,
    0.432573667049408,
    0.43229549341201784,
    0.428031268119812,
    0.4267552180290222,
    0.42537966947555544,
    0.4223030777931213,
    0.42191073884963987
  ],
  "val_acc": [
    0.6939,
    0.7301,
    0.7477,
    0.7628,
    0.7735,
    0.7804,
    0.7839,
    0.7899,
    0.7962,
    0.7975,
    0.8018,
    0.8036,
    0.8062,
    0.8104,
    0.8114,
    0.811,
    0.8149,
    0.8162,
    0.819,
    0.8207,
    0.8229,
    0.8228,
    0.8241,
    0.8276,
    0.8271,
    0.8281,
    0.83,
    0.8313,
    0.831,
    0.8323,
    0.8328,
    0.8347,
    0.8355,
    0.8367,
    0.8364,
    0.8376,
    0.838,
    0.8376,
    0.8395,
    0.8398,
    0.8409,
    0.8407,
    0.8417,
    0.8433,
    0.8429,
    0.844,
    0.8457,
    0.8461,
    0.8477,
    0.8483
  ]
}