{
  "train_loss": [
    0.4750979150390625,
    0.3191660033988953,
    0.28395059406757356,
    0.25619464683055876,
    0.2384702173900604,
    0.22093085103034973,
    0.21281874722480773,
    0.19781135588645934,
    0.183861938123703,
    0.17424409310340883,
    0.16381467442512512,
    0.1570550409936905,
    0.14559143887519838,
    0.1375228932094574,
    0.13193178800106048
  ],
  "train_acc": [
    0.82958,
    0.88476,
    0.89548,
    0.90734,
    0.9115,
    0.91756,
    0.91906,
    0.92606,
    0.93132,
    0.93564,
    0.9381,
    0.93962,
    0.94548,
    0.94894,
    0.9495
  ],
  "val_loss": [
    0.363799658036232,
    0.2891422295689583,
    0.26412068982124326,
    0.2543094845235348,
    0.25169175587892534,
    0.2413495905995369,
    0.23509582195580006,
    0.2343991539478302,
    0.2428452288389206,
    0.2313446157991886,
    0.23195604786574842,
    0.23237976492196322,
    0.23830688287913798,
    0.2448284133605659,
    0.23838783727958798
  ],
  "val_acc": [
    0.8617,
    0.8971,
    0.9022,
    0.9066,
    0.9094,
    0.9098,
    0.9135,
    0.9162,
    0.9124,
    0.9189,
    0.9177,
    0.9197,
    0.9183,
    0.9148,
    0.9182
  ]
}