{
  "train_loss": [
    1.6335660760688782,
    0.743301823348999,
    0.6338556820297241,
    0.5674444177055359,
    0.5290498550033569,
    0.5022098340988159,
    0.46923618991851807,
    0.4530690575313568,
    0.4346331380844116,
    0.42106309692382815,
    0.4040017109966278,
    0.38761642006874086,
    0.37524837116241455,
    0.3633306987571716,
    0.3566387264728546,
    0.34706272736549376,
    0.3377983595752716,
    0.3303538996505737,
    0.32550819237709044,
    0.31571386706352234,
    0.30816291583061217,
    0.3002829141616821,
    0.29190463714599607,
    0.2880218302631378,
    0.27988556888580324,
    0.2794865578746796,
    0.27024659147262575,
    0.2647241420316696,
    0.2619773659324646,
    0.2540494095802307,
    0.25268841588974
  ],
  "train_acc": [
    0.6044,
    0.72214,
    0.75982,
    0.78694,
    0.80216,
    0.81254,
    0.82518,
    0.8316,
    0.83828,
    0.84458,
    0.84948,
    0.85482,
    0.86034,
    0.86374,
    0.86646,
    0.8693,
    0.87468,
    0.8773,
    0.87872,
    0.88068,
    0.88572,
    0.88746,
    0.89156,
    0.89282,
    0.89376,
    0.89436,
    0.89932,
    0.901,
    0.90074,
    0.90548,
    0.90464
  ],
  "val_loss": [
    0.5979716400146484,
    0.5168625896453858,
    0.459750568819046,
    0.429314132809639,
    0.39960439372062684,
    0.38740550980567934,
    0.3707520344972611,
    0.3438931706428528,
    0.3433230471134186,
    0.32860743293762207,
    0.31345720487833023,
    0.31617801929712297,
    0.31276223456859586,
    0.28684290523529055,
    0.29850224418640137,
    0.29622758580446246,
    0.2909805294394493,
    0.26900913810133936,
    0.27202206592559813,
    0.2752956468105316,
    0.26488813503980635,
    0.264547748875618,
    0.26330625406503677,
    0.25480797339677813,
    0.2515078479677439,
    0.2486777081847191,
    0.24908375542759895,
    0.24997560507655145,
    0.2609976921916008,
    0.2530068352341652,
    0.25060022084116934
  ],
  "val_acc": [
    0.7786,
    0.8203,
    0.8361,
    0.8495,
    0.8592,
    0.8606,
    0.8728,
    0.8801,
    0.8753,
    0.8842,
    0.8928,
    0.8925,
    0.8896,
    0.8993,
    0.8955,
    0.8912,
    0.8967,
    0.9044,
    0.9019,
    0.9021,
    0.9042,
    0.9064,
    0.9078,
    0.9098,
    0.9104,
    0.9105,
    0.9141,
    0.9142,
    0.9137,
    0.9068,
    0.9116
  ]
}