{
  "train_loss": [
    1.571937013683319,
    0.629576750049591,
    0.5341886108207703,
    0.4640468370819092,
    0.41887009346961973,
    0.38028587198257446,
    0.35224931089401246,
    0.34082900046348574,
    0.332797384223938,
    0.31388675517082215,
    0.30079167140960694,
    0.29368412600517274,
    0.2920577748012543,
    0.2819703064441681
  ],
  "train_acc": [
    0.6484,
    0.76526,
    0.80308,
    0.83094,
    0.84764,
    0.86242,
    0.87364,
    0.87668,
    0.88202,
    0.88524,
    0.89166,
    0.89352,
    0.8936,
    0.89754
  ],
  "val_loss": [
    0.5667707897186279,
    0.45574251537322996,
    0.3618972668170929,
    0.34186518251895903,
    0.3210051061630249,
    0.2882150692462921,
    0.28890710755586624,
    0.32707839069366457,
    0.2629351136922836,
    0.263480552983284,
    0.2671810761451721,
    0.2730357852458954,
    0.27988810821175575,
    0.27246770081520083
  ],
  "val_acc": [
    0.7984,
    0.8305,
    0.8721,
    0.8812,
    0.8868,
    0.8985,
    0.9015,
    0.8843,
    0.9026,
    0.9049,
    0.9043,
    0.9028,
    0.8996,
    0.9028
  ]
}