{
  "train_loss": [
    1.3362615682029724,
    0.5594760397720336,
    0.48005654870986936,
    0.4353693419837952,
    0.40496875993728637,
    0.37590613167762754,
    0.35660404949188235,
    0.33971540648460385,
    0.3262601828289032,
    0.314027906665802,
    0.2985206303787231,
    0.2896462925052643,
    0.278525405960083,
    0.2667570294380188,
    0.26041611906051637,
    0.25444825650215147,
    0.24390914080619813,
    0.23999418635845185,
    0.23096659703731537,
    0.22266316912174225,
    0.21560974861145019,
    0.20940812232017517,
    0.20327600061416626,
    0.19970323521137237,
    0.19252019739151002,
    0.1890508703279495,
    0.18473682641983033,
    0.18025571366786958,
    0.17372832733631133,
    0.16713253324508667,
    0.1659088913679123,
    0.16371692173480987,
    0.15864393832683563
  ],
  "train_acc": [
    0.69714,
    0.79606,
    0.82584,
    0.8396,
    0.8485,
    0.86058,
    0.8691,
    0.8753,
    0.87772,
    0.88336,
    0.88818,
    0.89306,
    0.89678,
    0.90014,
    0.90126,
    0.9047,
    0.90866,
    0.90942,
    0.91348,
    0.91566,
    0.91804,
    0.91992,
    0.92384,
    0.92338,
    0.92658,
    0.9274,
    0.9289,
    0.93072,
    0.93466,
    0.93598,
    0.93762,
    0.93664,
    0.93932
  ],
  "val_loss": [
    0.5046633633613586,
    0.4405692732810974,
    0.4120801867008209,
    0.36955392789840696,
    0.34959333839416507,
    0.3224705495595932,
    0.32001769773960115,
    0.30726629878282546,
    0.3021298544883728,
    0.2833529857635498,
    0.2798531458854675,
    0.26984829556941986,
    0.27747960429191587,
    0.2587715990304947,
    0.27033702993392944,
    0.2657949487924576,
    0.2556275840222835,
    0.2505718731671572,
    0.258697597515583,
    0.24770853849053384,
    0.2451266084432602,
    0.259787709158659,
    0.24310172315835954,
    0.24980501361191274,
    0.24392881729602814,
    0.24693092696666719,
    0.2509303123578429,
    0.23770488092303277,
    0.25215292496681213,
    0.2501681149184704,
    0.24833831961601974,
    0.2494846176445484,
    0.2553769410431385
  ],
  "val_acc": [
    0.8178,
    0.842,
    0.8551,
    0.8677,
    0.8733,
    0.8806,
    0.8863,
    0.888,
    0.8864,
    0.8987,
    0.898,
    0.9044,
    0.9028,
    0.9106,
    0.9048,
    0.9056,
    0.9119,
    0.9115,
    0.914,
    0.915,
    0.915,
    0.9136,
    0.9175,
    0.913,
    0.9174,
    0.9189,
    0.9191,
    0.9204,
    0.9171,
    0.9175,
    0.9192,
    0.9198,
    0.9178
  ]
}