{
  "train_loss": [
    1.8789556091117858,
    0.6399123992347717,
    0.54451904753685,
    0.4900284919166565,
    0.4489631044578552,
    0.4178293344211578,
    0.3924159592628479,
    0.3759330524253845,
    0.36419136794090273,
    0.34563776943206787,
    0.33182410076141355,
    0.3172605847930908,
    0.3098932377719879,
    0.30116099890708925,
    0.29099877338409424,
    0.28280840885162356,
    0.27169526893615725,
    0.2713893625354767,
    0.2614333152103424,
    0.25099548577308656,
    0.24753036368370057,
    0.23955631569862365,
    0.2341042104434967,
    0.23144426906585694,
    0.22645098070144654,
    0.22128590354919433,
    0.2129111747264862,
    0.2101728532409668
  ],
  "train_acc": [
    0.65464,
    0.77116,
    0.80242,
    0.8215,
    0.83642,
    0.84772,
    0.85502,
    0.86202,
    0.86554,
    0.87302,
    0.8768,
    0.88196,
    0.88544,
    0.88904,
    0.89208,
    0.89476,
    0.89932,
    0.89956,
    0.90162,
    0.90424,
    0.90682,
    0.90914,
    0.91234,
    0.91278,
    0.91294,
    0.91524,
    0.91946,
    0.92046
  ],
  "val_loss": [
    0.598451888179779,
    0.491573734998703,
    0.4394063863515854,
    0.39932101769447326,
    0.3721130223751068,
    0.36447737852334977,
    0.34950388976931573,
    0.34248859112262725,
    0.3296874075770378,
    0.31489061346054076,
    0.30773433599472044,
    0.3076111534714699,
    0.3002692510306835,
    0.2889421051502228,
    0.28430629456043244,
    0.28548105653524397,
    0.2861590144306421,
    0.2817969521164894,
    0.2782117429196835,
    0.2669319256275892,
    0.27842667419910433,
    0.2594859215795994,
    0.25175166888833045,
    0.26133065039515496,
    0.25894607882499693,
    0.2616456844449043,
    0.26673981577157974,
    0.2530305417895317
  ],
  "val_acc": [
    0.788,
    0.8229,
    0.8466,
    0.858,
    0.8673,
    0.8704,
    0.8789,
    0.8752,
    0.8837,
    0.888,
    0.8896,
    0.892,
    0.8925,
    0.8998,
    0.9004,
    0.8988,
    0.9005,
    0.9005,
    0.9061,
    0.9091,
    0.9013,
    0.9074,
    0.9102,
    0.911,
    0.9097,
    0.9069,
    0.9095,
    0.9145
  ]
}