{
  "train_loss": [
    5.122126566085815,
    1.0677186144256592,
    0.8578447208023071,
    0.7476328813934326,
    0.6747999835777283,
    0.6295824364471435,
    0.5842419403266906,
    0.5526697682380677,
    0.5247602867031097,
    0.5055399870109558,
    0.4776710528564453,
    0.4615205986595154,
    0.4456384673309326,
    0.43328255796432497,
    0.4212393110561371,
    0.4109799107265472,
    0.39795707777023315,
    0.3898821288394928,
    0.3814698047971726,
    0.3737954349708557,
    0.36563503992080687,
    0.3566472940826416,
    0.35036310510635377,
    0.3438421415424347,
    0.33553671357154846,
    0.3300989180088043,
    0.32625035988807677,
    0.31891698649406436,
    0.313153569059372,
    0.30753081362724305,
    0.3075324608421326,
    0.30169873254776003,
    0.2922169357252121,
    0.2920134668159485,
    0.28491801090240476,
    0.2852465221118927,
    0.27951169868946074,
    0.2766581986904144,
    0.2718690909671783,
    0.26776045855522157,
    0.2648344965457916,
    0.2617545751285553,
    0.2576258104324341,
    0.25386570682525633,
    0.24984354291439057,
    0.25109436584472655,
    0.242874429063797
  ],
  "train_acc": [
    0.4983,
    0.65234,
    0.70668,
    0.74096,
    0.76284,
    0.77784,
    0.79154,
    0.8022,
    0.81292,
    0.81902,
    0.82746,
    0.83282,
    0.8388,
    0.84418,
    0.84882,
    0.85024,
    0.8536,
    0.8584,
    0.8623,
    0.8646,
    0.86504,
    0.8711,
    0.87086,
    0.87426,
    0.87738,
    0.87836,
    0.87922,
    0.88252,
    0.88504,
    0.88652,
    0.88706,
    0.88782,
    0.89162,
    0.89086,
    0.8936,
    0.89432,
    0.89704,
    0.8978,
    0.89922,
    0.90038,
    0.90074,
    0.90142,
    0.90322,
    0.9053,
    0.9065,
    0.90632,
    0.90934
  ],
  "val_loss": [
    0.9928633752822876,
    0.7422163277149201,
    0.6554234834194184,
    0.5889936980724335,
    0.5421314754009247,
    0.5083416165351867,
    0.4866780884742737,
    0.4608207584381104,
    0.44411530544757843,
    0.4331001238822937,
    0.4160810131549835,
    0.40702913722991946,
    0.3999590592861176,
    0.38834961681365965,
    0.3807240900993347,
    0.3785555529117584,
    0.37125767965316775,
    0.3665819936752319,
    0.3617384972095489,
    0.3561195543766022,
    0.3480660370469093,
    0.3510402798175812,
    0.3417769464969635,
    0.33867217419147494,
    0.33349578125476836,
    0.32915381166934965,
    0.32627782287597656,
    0.32726223838329316,
    0.32507767676115035,
    0.3183513943195343,
    0.31933243396282196,
    0.316630988740921,
    0.3160073238611221,
    0.31012934036254886,
    0.3112394857466221,
    0.30840278816223143,
    0.3050497613608837,
    0.3050316572189331,
    0.2992201793551445,
    0.3006082902908325,
    0.30043467092514037,
    0.29421925327777865,
    0.29824659952521326,
    0.29509562129974365,
    0.2975218985676765,
    0.29382936786413194,
    0.2947120769202709
  ],
  "val_acc": [
    0.6795,
    0.7414,
    0.7656,
    0.79,
    0.8072,
    0.8175,
    0.8283,
    0.8351,
    0.8421,
    0.848,
    0.8542,
    0.8582,
    0.8608,
    0.8625,
    0.8653,
    0.865,
    0.8687,
    0.8706,
    0.8704,
    0.8753,
    0.8778,
    0.8758,
    0.88,
    0.881,
    0.8823,
    0.8807,
    0.8852,
    0.885,
    0.8867,
    0.8859,
    0.8869,
    0.8881,
    0.8881,
    0.8889,
    0.8908,
    0.8915,
    0.8942,
    0.8931,
    0.8947,
    0.8963,
    0.8931,
    0.8965,
    0.897,
    0.8961,
    0.8973,
    0.8975,
    0.8996
  ]
}