{
  "train_loss": [
    5.121653514709473,
    1.0675958076095582,
    0.8573017385482788,
    0.7475647166824341,
    0.674825466594696,
    0.6296564323616027,
    0.5843458032989503,
    0.5530440145874024,
    0.525331327047348,
    0.5063347379493713,
    0.4787241175079346,
    0.46217536569595336,
    0.4460048052978516,
    0.43410061537742617,
    0.42105610357284545,
    0.4108644222068787,
    0.39750577157974243,
    0.388924816160202,
    0.38012541047096254,
    0.3721951564693451,
    0.3644616051959991,
    0.35551078149795534,
    0.3490447357368469,
    0.3428211690425873,
    0.3335673343849182,
    0.3273071891403198,
    0.32387718275070193,
    0.31588009902000425,
    0.31152705328941344,
    0.3053588366222382,
    0.3057570704269409,
    0.2995528619384766,
    0.29054037802696225,
    0.290696660900116,
    0.2823759250831604,
    0.28376949179172517,
    0.27791187897205355,
    0.27445361828804016,
    0.2700918948030472,
    0.26626573494911193,
    0.26305347246170047,
    0.26029537422180177,
    0.2559360759019852,
    0.251298884472847,
    0.24754745569705963,
    0.24951306012153626,
    0.24121594165802002,
    0.23993004242420196,
    0.2358138794994354,
    0.23610877878665923
  ],
  "train_acc": [
    0.49804,
    0.65222,
    0.7069,
    0.74098,
    0.7632,
    0.7781,
    0.79154,
    0.80316,
    0.8133,
    0.81818,
    0.82712,
    0.83368,
    0.83824,
    0.84324,
    0.84896,
    0.85066,
    0.8543,
    0.85956,
    0.8624,
    0.86434,
    0.8655,
    0.87074,
    0.87222,
    0.87504,
    0.87694,
    0.87856,
    0.88016,
    0.88296,
    0.88546,
    0.88718,
    0.88628,
    0.88956,
    0.89202,
    0.89158,
    0.89402,
    0.89498,
    0.8965,
    0.89842,
    0.89836,
    0.89984,
    0.90122,
    0.9021,
    0.90248,
    0.90608,
    0.90794,
    0.9067,
    0.91012,
    0.91006,
    0.91164,
    0.91186
  ],
  "val_loss": [
    0.9925376698970795,
    0.7418360111713409,
    0.6557915124416351,
    0.5893835779190063,
    0.5421354329109191,
    0.5072355472564697,
    0.48599553875923157,
    0.45985398874282835,
    0.4443524307489395,
    0.432309995675087,
    0.41725315897464754,
    0.4069721043109894,
    0.4017355502605438,
    0.38906085884571073,
    0.3808362965106964,
    0.37780384306907655,
    0.3702524540424347,
    0.3656411214351654,
    0.3585567723274231,
    0.35441608772277833,
    0.34550308457612994,
    0.3449801350831985,
    0.33851156744956973,
    0.33846486148834226,
    0.33027852900028226,
    0.3264567762970924,
    0.3233541806459427,
    0.3217356916308403,
    0.32427048881053927,
    0.3145355001449585,
    0.31635928175449374,
    0.3147301660299301,
    0.311794892346859,
    0.30633939929008486,
    0.30730926657915114,
    0.3060199209630489,
    0.3024054795622826,
    0.3012966333031654,
    0.2961953409552574,
    0.29685091952085496,
    0.29719541424512863,
    0.29050648506879806,
    0.2949930792570114,
    0.2923004958152771,
    0.29495267528295516,
    0.28834366636276243,
    0.29096315643787385,
    0.28675452159047127,
    0.28540322088599207,
    0.28539470522403715
  ],
  "val_acc": [
    0.6801,
    0.7415,
    0.7656,
    0.7914,
    0.8067,
    0.8177,
    0.8285,
    0.8361,
    0.8423,
    0.8473,
    0.8526,
    0.858,
    0.8596,
    0.8628,
    0.8653,
    0.866,
    0.8662,
    0.8712,
    0.8718,
    0.8745,
    0.8775,
    0.8787,
    0.88,
    0.8794,
    0.8833,
    0.8833,
    0.8846,
    0.8864,
    0.8866,
    0.8874,
    0.8884,
    0.889,
    0.8891,
    0.8901,
    0.8907,
    0.8926,
    0.895,
    0.8956,
    0.8948,
    0.8964,
    0.8948,
    0.8956,
    0.8973,
    0.896,
    0.8964,
    0.8984,
    0.8986,
    0.9013,
    0.8979,
    0.8996
  ]
}