{
  "train_loss": [
    1.3356503700828553,
    0.5539569540023803,
    0.4837027074623108,
    0.43939723132133485,
    0.40981418261528013,
    0.3812064005756378,
    0.3583151150131226,
    0.3448082163143158,
    0.3300067418193817,
    0.3158223015975952,
    0.30187491928100585,
    0.29057828640937805,
    0.27645729944229125,
    0.2730517541217804,
    0.26489664527893064,
    0.2553018614768982,
    0.24453790205001832,
    0.24109218571662902,
    0.23485269448280335,
    0.2271309644174576,
    0.21956362677574157,
    0.21223509805679322,
    0.2070743644809723,
    0.20236766500473022,
    0.19669159689426421,
    0.1923277733564377,
    0.18551227291107178,
    0.1840166857290268,
    0.17420572913646698,
    0.1720793554878235,
    0.1665293330335617,
    0.1667801170349121,
    0.15883747241973878
  ],
  "train_acc": [
    0.69894,
    0.79818,
    0.82342,
    0.8383,
    0.84856,
    0.85874,
    0.86812,
    0.87212,
    0.87712,
    0.88156,
    0.88724,
    0.89324,
    0.89654,
    0.89658,
    0.89994,
    0.90284,
    0.90668,
    0.91046,
    0.9118,
    0.91286,
    0.916,
    0.91844,
    0.92082,
    0.92256,
    0.92504,
    0.9259,
    0.9291,
    0.93022,
    0.93426,
    0.9338,
    0.93636,
    0.93558,
    0.93968
  ],
  "val_loss": [
    0.506809662437439,
    0.44348132309913635,
    0.3867248507261276,
    0.36952605769634245,
    0.35534309124946595,
    0.3284872206926346,
    0.32283022356033325,
    0.316114057302475,
    0.31464743876457213,
    0.2983045616090298,
    0.28288595168590547,
    0.2752802997589111,
    0.282319061923027,
    0.26994859306812286,
    0.27221500516533853,
    0.26164892090559005,
    0.2572142637014389,
    0.251399167779088,
    0.2724803520798683,
    0.2586734080731869,
    0.25080675624608995,
    0.2562431853652,
    0.24619659903347493,
    0.24563254265785217,
    0.2518322180882096,
    0.25835507001280783,
    0.2725709454149008,
    0.23904640766978263,
    0.2532092154443264,
    0.2550987380452454,
    0.2556644399046898,
    0.25530442753136157,
    0.2505298014819622
  ],
  "val_acc": [
    0.8171,
    0.8425,
    0.86,
    0.8675,
    0.8733,
    0.8768,
    0.8855,
    0.8885,
    0.8899,
    0.895,
    0.8949,
    0.9016,
    0.8992,
    0.904,
    0.9043,
    0.9084,
    0.9076,
    0.9139,
    0.9034,
    0.9146,
    0.9115,
    0.9132,
    0.9176,
    0.9159,
    0.9157,
    0.9178,
    0.9126,
    0.9201,
    0.9191,
    0.9157,
    0.9204,
    0.9172,
    0.9212
  ]
}