{
  "train_loss": [
    1.5760120525932313,
    0.7091180781555175,
    0.6340943347072602,
    0.5841696631622314,
    0.5530278930282593,
    0.5289843779754638,
    0.5076690060043335,
    0.49356321773529055,
    0.4771871494102478,
    0.4629318610572815,
    0.44942587278366086,
    0.43936758876800536,
    0.4323753497695923,
    0.4247609536170959,
    0.4143616502380371,
    0.41231309242248537,
    0.40364481004714964,
    0.3969755417728424,
    0.3920694326400757,
    0.38750739842414855,
    0.3795518020629883,
    0.37888192638397217,
    0.37232319871902464,
    0.3675798811340332,
    0.36531332611083983,
    0.362820900478363,
    0.3600006082344055,
    0.35468061091423037,
    0.34790730014801025,
    0.34675664865493777,
    0.344848794965744,
    0.340584328918457,
    0.33837631729602813,
    0.33726920753479006,
    0.33216983998298644,
    0.3314754122495651,
    0.32787210990905763,
    0.328120145072937,
    0.32216227979660034,
    0.3192338177585602,
    0.31521522691726683,
    0.3145314231681824,
    0.31124548401355745,
    0.30888892825603487,
    0.3081376152420044,
    0.3063250783634186,
    0.3051089441394806,
    0.3018031183719635,
    0.29894721239089966,
    0.2981040863609314
  ],
  "train_acc": [
    0.65286,
    0.75028,
    0.77374,
    0.78914,
    0.8031,
    0.80946,
    0.81674,
    0.82218,
    0.82746,
    0.83218,
    0.83674,
    0.841,
    0.84308,
    0.84708,
    0.84748,
    0.84972,
    0.85266,
    0.8545,
    0.8558,
    0.858,
    0.86068,
    0.8617,
    0.86584,
    0.86606,
    0.8661,
    0.86712,
    0.86748,
    0.8694,
    0.87116,
    0.87232,
    0.87218,
    0.8746,
    0.8759,
    0.87542,
    0.87808,
    0.87888,
    0.88058,
    0.87988,
    0.88102,
    0.88166,
    0.8833,
    0.88408,
    0.88612,
    0.88728,
    0.88724,
    0.88604,
    0.8886,
    0.88936,
    0.88926,
    0.8896
  ],
  "val_loss": [
    0.6160272031784058,
    0.5434200328350067,
    0.5156586770057678,
    0.47553600969314574,
    0.4579879732131958,
    0.4459358225822449,
    0.4313635491371155,
    0.4197012014865875,
    0.40997629680633546,
    0.40127217845916746,
    0.3901708297729492,
    0.3876043122768402,
    0.3815648956298828,
    0.37722385823726656,
    0.371048104929924,
    0.3656725716590881,
    0.3632007487773895,
    0.3625147043466568,
    0.35430358686447144,
    0.3540458755970001,
    0.3493722634792328,
    0.34916505773067474,
    0.34600839557647706,
    0.3416011710643768,
    0.3350698886156082,
    0.3377303142786026,
    0.3353992138147354,
    0.32854087042808533,
    0.3309703605890274,
    0.3275979839801788,
    0.32265476524829867,
    0.3241779573917389,
    0.3240680239915848,
    0.31864843851327895,
    0.3220294307589531,
    0.3179513736724853,
    0.31715086833238604,
    0.3135277850151062,
    0.31099610249996185,
    0.3116531317472458,
    0.30984114134311674,
    0.30913696625232695,
    0.30902556657791136,
    0.3089990642786026,
    0.3052778042078018,
    0.30437106895446775,
    0.30361527428627016,
    0.30118417472839354,
    0.2958436497688293,
    0.29619563105106356
  ],
  "val_acc": [
    0.7749,
    0.803,
    0.8116,
    0.8265,
    0.8346,
    0.8394,
    0.8412,
    0.848,
    0.8516,
    0.854,
    0.8586,
    0.8602,
    0.8604,
    0.8632,
    0.8648,
    0.8677,
    0.8692,
    0.8683,
    0.8723,
    0.8726,
    0.8737,
    0.8756,
    0.8748,
    0.8771,
    0.8781,
    0.8763,
    0.8778,
    0.8807,
    0.88,
    0.8807,
    0.8814,
    0.8819,
    0.8814,
    0.8826,
    0.8852,
    0.8817,
    0.8866,
    0.8878,
    0.8861,
    0.8874,
    0.8886,
    0.8879,
    0.889,
    0.8869,
    0.89,
    0.8899,
    0.8901,
    0.8914,
    0.8928,
    0.8915
  ]
}