{
  "train_loss": [
    0.9474178824996948,
    0.504510458574295,
    0.4326071966457367,
    0.38430768016338346,
    0.3533923877978325,
    0.32673976721286774,
    0.30738457742452624,
    0.2919663601303101,
    0.2790585010194778,
    0.26527229097604754,
    0.25114450011730194,
    0.2430154217684269,
    0.23274930171370506,
    0.21975915637671947,
    0.20923658015012742,
    0.20588301625967026,
    0.19954097326397896,
    0.19163468078672885,
    0.1831406716734171,
    0.17811540895581246,
    0.17137932816565038,
    0.1678469757527113,
    0.1620754828412831
  ],
  "train_acc": [
    0.72866,
    0.81572,
    0.843,
    0.86104,
    0.87036,
    0.88174,
    0.88768,
    0.892,
    0.8986,
    0.9013,
    0.90636,
    0.90974,
    0.91272,
    0.91722,
    0.92216,
    0.92376,
    0.925,
    0.92796,
    0.92996,
    0.93198,
    0.93576,
    0.93682,
    0.93848
  ],
  "val_loss": [
    0.48169006626605987,
    0.4293511256456375,
    0.35602705488204955,
    0.3238440335392952,
    0.30091161999702454,
    0.2857943211555481,
    0.2695624622106552,
    0.2599986585378647,
    0.2620274533867836,
    0.25527004439234735,
    0.2516660736680031,
    0.24392740641832353,
    0.2528861993730068,
    0.23985034614503384,
    0.2677947271645069,
    0.23560338650941848,
    0.24405897291898726,
    0.23068226060867308,
    0.24175746977329254,
    0.25607041004896164,
    0.24462203161716461,
    0.254794860497117,
    0.2461498533383012
  ],
  "val_acc": [
    0.8361,
    0.8438,
    0.8744,
    0.8837,
    0.8937,
    0.8951,
    0.9021,
    0.9089,
    0.908,
    0.9105,
    0.9108,
    0.9129,
    0.9105,
    0.9174,
    0.9103,
    0.9181,
    0.9174,
    0.9204,
    0.9165,
    0.9129,
    0.9199,
    0.9193,
    0.917
  ]
}