{
  "train_loss": [
    0.47457871868133544,
    0.319735013217926,
    0.2842873990535736,
    0.2575095049190521,
    0.23702322186470032,
    0.2222418743610382,
    0.213841850566864,
    0.19579865094184876,
    0.18239742155075073,
    0.17584323649406433,
    0.16390295203685762,
    0.15843107949256896
  ],
  "train_acc": [
    0.82924,
    0.88426,
    0.89578,
    0.9054,
    0.9112,
    0.91912,
    0.92038,
    0.92786,
    0.93102,
    0.93446,
    0.93902,
    0.94034
  ],
  "val_loss": [
    0.349908798456192,
    0.2917388211607933,
    0.2690321638584137,
    0.25730880433022973,
    0.25835383088588715,
    0.24032995835542678,
    0.23275761702656747,
    0.2420028220921755,
    0.2362838383257389,
    0.23177748042345048,
    0.23559227456748486,
    0.24121512540876866
  ],
  "val_acc": [
    0.8717,
    0.897,
    0.9026,
    0.9057,
    0.9102,
    0.9126,
    0.916,
    0.9138,
    0.9143,
    0.9208,
    0.9196,
    0.9179
  ]
}