{
  "train_loss": [
    1.0561607499694825,
    0.5312006115722656,
    0.4658650428581238,
    0.4123281017303467,
    0.3837975304698944,
    0.3553420541000366,
    0.33693960775375364,
    0.31850716360092163,
    0.3023369961500168,
    0.2903409023475647,
    0.2732770228099823,
    0.2654173688030243,
    0.25585795897483826,
    0.24264272562980652,
    0.2371739569568634,
    0.2273847843837738,
    0.2177262966966629,
    0.2134139034318924,
    0.20305255321979523,
    0.19926344105958937,
    0.19258675035476686,
    0.1855092224788666,
    0.18114409257411956
  ],
  "train_acc": [
    0.71508,
    0.8058,
    0.82846,
    0.84904,
    0.86036,
    0.86818,
    0.8778,
    0.88076,
    0.88752,
    0.89166,
    0.89794,
    0.90066,
    0.90344,
    0.90814,
    0.9101,
    0.91396,
    0.91786,
    0.91914,
    0.92344,
    0.92462,
    0.92596,
    0.9298,
    0.92958
  ],
  "val_loss": [
    0.49913327946662905,
    0.39890647411346436,
    0.37264801819324495,
    0.3451778965115547,
    0.3190736382484436,
    0.30112908322811127,
    0.2995271400094032,
    0.286689659768343,
    0.2817845564484596,
    0.2693017699062824,
    0.2600962090730667,
    0.2673175124466419,
    0.26823903744220734,
    0.2685857028603554,
    0.2664719783306122,
    0.24951770820617675,
    0.2599166399002075,
    0.24639651485979558,
    0.2541614324748516,
    0.2550486754179001,
    0.2509015229225159,
    0.2544660817474127,
    0.25156252856850625
  ],
  "val_acc": [
    0.8215,
    0.8608,
    0.8671,
    0.875,
    0.8846,
    0.8913,
    0.8949,
    0.8967,
    0.9022,
    0.9067,
    0.9065,
    0.9048,
    0.9063,
    0.9078,
    0.9114,
    0.9137,
    0.9128,
    0.9144,
    0.913,
    0.9148,
    0.9163,
    0.9151,
    0.9139
  ]
}