{
  "train_loss": [
    1.2779176449775695,
    0.5465549249458312,
    0.46340888994216917,
    0.4178145231246948,
    0.3883556017971039,
    0.35824340185165404,
    0.334652790184021,
    0.3252724050426483,
    0.3064101348876953,
    0.29879136511802673,
    0.2845302558326721,
    0.2735912990093231,
    0.2607137926912308,
    0.2555848076534271,
    0.24833886335372926,
    0.23839040250778198,
    0.23024886542320253,
    0.2238889577293396,
    0.21405683963298797,
    0.21042615716457366,
    0.20421721588134767,
    0.19530341682434083,
    0.19159775558948516,
    0.1835345951795578,
    0.1796366744995117,
    0.17336286899089814,
    0.16718368214607238,
    0.16555229599952698
  ],
  "train_acc": [
    0.70924,
    0.80308,
    0.8312,
    0.84714,
    0.85704,
    0.86782,
    0.87598,
    0.88022,
    0.88778,
    0.88914,
    0.89364,
    0.89862,
    0.90232,
    0.90474,
    0.90484,
    0.91018,
    0.91346,
    0.91464,
    0.91922,
    0.91894,
    0.9228,
    0.92624,
    0.92708,
    0.9306,
    0.9316,
    0.93416,
    0.9354,
    0.9374
  ],
  "val_loss": [
    0.5185798126220703,
    0.43871927962303164,
    0.4165989372253418,
    0.38142524409294126,
    0.3619567590713501,
    0.3325350105047226,
    0.32293798036575316,
    0.30451935684680936,
    0.29545503685474395,
    0.29354806910157205,
    0.28820519329309463,
    0.26839731935858724,
    0.2841861913919449,
    0.26322270102500916,
    0.2672244660794735,
    0.257142601531744,
    0.258593506860733,
    0.2549193461328745,
    0.257544697535038,
    0.2562464511990547,
    0.2518019176661968,
    0.2639125739961863,
    0.2423904666081071,
    0.24875750044882297,
    0.2436198136329651,
    0.25181296971440315,
    0.26440926392674446,
    0.2681219730198383
  ],
  "val_acc": [
    0.8162,
    0.845,
    0.8585,
    0.8684,
    0.8691,
    0.8836,
    0.8865,
    0.8963,
    0.8933,
    0.8992,
    0.9029,
    0.9045,
    0.9017,
    0.9066,
    0.9093,
    0.9086,
    0.9064,
    0.9134,
    0.9109,
    0.9107,
    0.912,
    0.9116,
    0.9151,
    0.9152,
    0.9143,
    0.9134,
    0.9133,
    0.9117
  ]
}