{
  "train_loss": [
    1.645421648426056,
    0.757511847114563,
    0.6481802136611938,
    0.5718339376068116,
    0.5324428671073913,
    0.508930007686615,
    0.47587888069152834,
    0.45550542374610903,
    0.43168572373390196,
    0.4186292468357086,
    0.40399493720054624,
    0.3900000872802734,
    0.3744835129070282,
    0.3596372828388214,
    0.3537043077850342,
    0.34411265768051147,
    0.33281103770256043,
    0.3302943048763275,
    0.31763169506072997,
    0.30637817072868345,
    0.3015345746898651,
    0.2947475469017029,
    0.2874991318321228,
    0.28701286051750186,
    0.2761261296081543,
    0.2715677937412262,
    0.26674635177612305,
    0.25920462184906007,
    0.2556970952987671,
    0.25015215915679934
  ],
  "train_acc": [
    0.59926,
    0.71846,
    0.75688,
    0.78686,
    0.79972,
    0.8103,
    0.82202,
    0.82978,
    0.83904,
    0.84438,
    0.84902,
    0.854,
    0.86008,
    0.86488,
    0.86824,
    0.87252,
    0.87604,
    0.87798,
    0.88132,
    0.8832,
    0.88686,
    0.88936,
    0.89388,
    0.89306,
    0.89594,
    0.89806,
    0.90036,
    0.9031,
    0.90376,
    0.90636
  ],
  "val_loss": [
    0.6136222305297852,
    0.5201271886825561,
    0.45591141850948336,
    0.4196567523479462,
    0.3961028835296631,
    0.3737207582235336,
    0.36250199897289276,
    0.33649469740390775,
    0.3327158824920654,
    0.3224882513642311,
    0.3072022964119911,
    0.2990313735961914,
    0.3006534054994583,
    0.28927401567697525,
    0.29053509697914126,
    0.2851265190124512,
    0.28282485891580583,
    0.2717489982366562,
    0.274118732380867,
    0.2640601416409016,
    0.26070973241329193,
    0.25696295310258865,
    0.25783478049039843,
    0.2561088298559189,
    0.24879205383062364,
    0.25230592997670176,
    0.2544075997710228,
    0.2556061631202698,
    0.2606567603945732,
    0.25074368435144423
  ],
  "val_acc": [
    0.7749,
    0.8186,
    0.8403,
    0.8513,
    0.8587,
    0.8649,
    0.8744,
    0.8819,
    0.8808,
    0.8897,
    0.8883,
    0.8936,
    0.8928,
    0.8956,
    0.9,
    0.895,
    0.8977,
    0.9005,
    0.9041,
    0.9031,
    0.9071,
    0.9104,
    0.9069,
    0.9072,
    0.9087,
    0.9129,
    0.914,
    0.9135,
    0.9136,
    0.9108
  ]
}