{
  "train_loss": [
    1.8772201421165466,
    0.6397340719795227,
    0.5475716889953613,
    0.49062668062210085,
    0.44741814220428466,
    0.4158268498420715,
    0.393649199924469,
    0.3742825778388977,
    0.3580045354938507,
    0.34611922006607054,
    0.32933218215942384,
    0.32151959397315977,
    0.3132014682674408,
    0.30172253425598144,
    0.29065505167007444,
    0.2806799599933624,
    0.2746478231430054,
    0.271398618106842,
    0.2604670924758911,
    0.2539764640760422,
    0.25112670521259306,
    0.2399688259124756,
    0.23680218258857727,
    0.2313639241361618,
    0.2275323351383209,
    0.22043871458053588,
    0.21474493225097657,
    0.208505058093071,
    0.20504674513816834,
    0.20100959369659424,
    0.19915169135093688,
    0.1923240096616745,
    0.19124489769935607
  ],
  "train_acc": [
    0.65332,
    0.77238,
    0.80182,
    0.82282,
    0.83628,
    0.84776,
    0.85498,
    0.86164,
    0.8659,
    0.8716,
    0.87742,
    0.8806,
    0.88444,
    0.888,
    0.89034,
    0.8961,
    0.89694,
    0.89854,
    0.90266,
    0.90372,
    0.90566,
    0.91006,
    0.91038,
    0.91354,
    0.91386,
    0.91646,
    0.91832,
    0.92108,
    0.92228,
    0.9218,
    0.92368,
    0.92656,
    0.92654
  ],
  "val_loss": [
    0.5903136587619782,
    0.4926644597053528,
    0.4392996817111969,
    0.3960790149927139,
    0.3779246713161469,
    0.3692487874507904,
    0.34695112673044204,
    0.3437066919803619,
    0.32639679658412935,
    0.3210616486251354,
    0.3114760861515999,
    0.3087972288131714,
    0.2980784474015236,
    0.2971261121571064,
    0.28430872070789337,
    0.2854159143924713,
    0.296039046753943,
    0.28157417726516726,
    0.2767766784965992,
    0.266315517821908,
    0.27186959254741666,
    0.25471960570812224,
    0.26432080582380296,
    0.2550531218290329,
    0.2603528107404709,
    0.2532208219125867,
    0.26728876659274103,
    0.2519798105031252,
    0.26683214029967783,
    0.2520838726937771,
    0.2702113609969616,
    0.25726567349135876,
    0.2674276765525341
  ],
  "val_acc": [
    0.7893,
    0.821,
    0.8433,
    0.8608,
    0.8674,
    0.87,
    0.8791,
    0.8775,
    0.8855,
    0.8884,
    0.8925,
    0.8924,
    0.8956,
    0.8981,
    0.8999,
    0.9001,
    0.8972,
    0.8998,
    0.9048,
    0.9077,
    0.9057,
    0.9083,
    0.9057,
    0.9113,
    0.9092,
    0.9098,
    0.908,
    0.9155,
    0.9113,
    0.9158,
    0.9136,
    0.909,
    0.9082
  ]
}