{
  "train_loss": [
    4.688010130290985,
    0.7472057201766967,
    0.671584518737793,
    0.638944640045166,
    0.6198662311935424,
    0.6167812680435181,
    0.6108974638938904,
    0.6203206468772888,
    0.6222434433174133,
    0.6115239756584168,
    0.6137071018409729,
    0.6136795209503174,
    0.9627108466339112
  ],
  "train_acc": [
    0.51762,
    0.72202,
    0.75602,
    0.76658,
    0.7736,
    0.77654,
    0.77466,
    0.77154,
    0.77238,
    0.77662,
    0.77588,
    0.77446,
    0.6469
  ],
  "val_loss": [
    0.662676978302002,
    0.560762754535675,
    0.5239517848968506,
    0.5204709970474243,
    0.5123484108924866,
    0.49315694401264193,
    0.5010830708503723,
    0.4713186755180359,
    0.5047526663780212,
    0.4892271644115448,
    0.5301746713638306,
    0.5909479943275452,
    0.854974964427948
  ],
  "val_acc": [
    0.7547,
    0.8017,
    0.813,
    0.8151,
    0.8187,
    0.8128,
    0.8185,
    0.8307,
    0.8205,
    0.8209,
    0.8049,
    0.7924,
    0.6595
  ]
}