{
  "train_loss": [
    0.5166626819801331,
    0.3447208606719971,
    0.3028872024154663,
    0.27314969656944277,
    0.2558025339460373,
    0.2359618661212921,
    0.22064992599487304,
    0.212522911567688,
    0.2009156039714813,
    0.19129828353881836,
    0.1795260879278183,
    0.1719101483130455,
    0.16350370218276977,
    0.158594169754982,
    0.15002583135604858,
    0.14458804007053375
  ],
  "train_acc": [
    0.81752,
    0.87408,
    0.89064,
    0.89904,
    0.90546,
    0.91346,
    0.91802,
    0.92104,
    0.9252,
    0.92734,
    0.93262,
    0.93478,
    0.9384,
    0.94022,
    0.94322,
    0.94484
  ],
  "val_loss": [
    0.3378368184685707,
    0.29252030084133146,
    0.2824890583515167,
    0.26564859649538997,
    0.24277940814495086,
    0.23866500968933105,
    0.24034243007302283,
    0.2284538220524788,
    0.2289276704311371,
    0.22223236117959022,
    0.22075362337231635,
    0.23193611901402472,
    0.2347674772799015,
    0.22537966460734607,
    0.23245542021393775,
    0.23551414681077004
  ],
  "val_acc": [
    0.8747,
    0.8934,
    0.8972,
    0.9026,
    0.9118,
    0.9142,
    0.9153,
    0.9173,
    0.9159,
    0.9199,
    0.9204,
    0.92,
    0.9198,
    0.9214,
    0.9216,
    0.916
  ]
}