{
  "train_loss": [
    1.5743111358833313,
    0.7085374250793457,
    0.6301778706932067,
    0.581719822807312,
    0.5496948926925659,
    0.5250259987258911,
    0.5052484196853637,
    0.4925451320648193,
    0.475132773141861,
    0.4600873054122925,
    0.44724752653121946,
    0.43865070318222044,
    0.430929914894104,
    0.42430788248062135,
    0.41437574407577515,
    0.4138153463935852,
    0.4042771108818054,
    0.3970675294399261,
    0.3902440719127655,
    0.38646526464462283,
    0.37796560457229617,
    0.37768519624710084,
    0.3702410198783875,
    0.36624326293468473,
    0.3657634050273895,
    0.3614724330615997,
    0.3575141038608551,
    0.3551276554965973,
    0.3460402338218689,
    0.3453229731941223,
    0.343118994140625,
    0.33925310576438905,
    0.337507812461853,
    0.33499286710739135,
    0.3310105369377136,
    0.32813784812927244,
    0.3272545718860626,
    0.3262263821220398,
    0.32001963370323183,
    0.31810455976486207,
    0.3164449068021774,
    0.31300265404701233,
    0.3098743428134918,
    0.30984865817070006,
    0.3074279860210419,
    0.3068650693416595,
    0.3056169063091278,
    0.3002558566713333,
    0.29752463840484616,
    0.29724433869361877
  ],
  "train_acc": [
    0.65462,
    0.7515,
    0.77604,
    0.79232,
    0.80458,
    0.81166,
    0.8179,
    0.8232,
    0.8277,
    0.83354,
    0.83834,
    0.84072,
    0.84404,
    0.84588,
    0.8491,
    0.8506,
    0.85306,
    0.85632,
    0.85892,
    0.86108,
    0.86254,
    0.8632,
    0.86612,
    0.86778,
    0.86798,
    0.86912,
    0.86996,
    0.87058,
    0.8724,
    0.87424,
    0.87554,
    0.8766,
    0.87828,
    0.87768,
    0.87914,
    0.88166,
    0.87966,
    0.88164,
    0.88268,
    0.8839,
    0.88464,
    0.88578,
    0.88626,
    0.88562,
    0.88776,
    0.88726,
    0.88846,
    0.88962,
    0.8911,
    0.89052
  ],
  "val_loss": [
    0.6157965078830719,
    0.5351245318412781,
    0.507619506072998,
    0.4740883224964142,
    0.4563677623271942,
    0.438822678565979,
    0.4289830171108246,
    0.41483676033020017,
    0.4055169310092926,
    0.3968172806739807,
    0.38816386160850525,
    0.38550335721969603,
    0.3785361981868744,
    0.3727914850473404,
    0.3669132058620453,
    0.3625923183441162,
    0.3603999525785446,
    0.3604971563577652,
    0.3536350894451141,
    0.3478652993202209,
    0.3454008170366287,
    0.344329895734787,
    0.34096963622570037,
    0.340286785364151,
    0.3339131807565689,
    0.335250772690773,
    0.32820095891952517,
    0.32366822242736815,
    0.32528003284931184,
    0.322362394785881,
    0.3202117299079895,
    0.3174400001049042,
    0.3202166048049927,
    0.31163909270763396,
    0.31590894367694855,
    0.31148904000520705,
    0.3098533157587051,
    0.3072448691487312,
    0.3063326808810234,
    0.3084275680065155,
    0.30280297362804415,
    0.3032114800572395,
    0.30800725392103195,
    0.3055386712551117,
    0.3020694023966789,
    0.30166915652751924,
    0.30132557246685027,
    0.29681271028518674,
    0.29369563404917715,
    0.29059668081998824
  ],
  "val_acc": [
    0.7775,
    0.8056,
    0.8169,
    0.8318,
    0.8361,
    0.8426,
    0.8484,
    0.8492,
    0.8551,
    0.8578,
    0.8603,
    0.8608,
    0.8604,
    0.8645,
    0.8636,
    0.8683,
    0.869,
    0.8718,
    0.8727,
    0.8755,
    0.8749,
    0.8746,
    0.8741,
    0.8781,
    0.8775,
    0.8757,
    0.8796,
    0.881,
    0.8821,
    0.8837,
    0.8823,
    0.8855,
    0.8819,
    0.8874,
    0.8862,
    0.8871,
    0.889,
    0.8883,
    0.8909,
    0.8873,
    0.8889,
    0.8895,
    0.8879,
    0.8895,
    0.8908,
    0.8911,
    0.8893,
    0.8929,
    0.8947,
    0.8964
  ]
}