{
  "train_loss": [
    1.3399782642364502,
    0.5592097856140137,
    0.4799452685546875,
    0.4368642861747742,
    0.4039655822944641,
    0.37623980086326597,
    0.35273171102523804,
    0.33693370990753174,
    0.32014014921188355,
    0.30965501507759097,
    0.298968594379425,
    0.28419980844497683,
    0.2760204660987854,
    0.26527655405044553,
    0.26059149965286255,
    0.2510158442306519,
    0.24206376270771027,
    0.23496626592636108,
    0.22827382598876952,
    0.22299573733329772,
    0.2164049945640564,
    0.21055300518035888,
    0.20360296235084532,
    0.19692201127052308,
    0.19237717345237731,
    0.18837722185134886,
    0.18138024338722228,
    0.177433228559494,
    0.172379366607666,
    0.1683890671634674
  ],
  "train_acc": [
    0.69894,
    0.79962,
    0.82578,
    0.84022,
    0.84984,
    0.8612,
    0.86958,
    0.87426,
    0.88138,
    0.88378,
    0.8873,
    0.89422,
    0.8965,
    0.89972,
    0.90144,
    0.90382,
    0.90734,
    0.91036,
    0.91498,
    0.91514,
    0.91708,
    0.91934,
    0.92138,
    0.92508,
    0.92568,
    0.92706,
    0.93068,
    0.932,
    0.93406,
    0.93526
  ],
  "val_loss": [
    0.5147838952064514,
    0.43306142222881316,
    0.3951950033903122,
    0.37518026432991025,
    0.3520560520172119,
    0.323864365029335,
    0.324354909658432,
    0.3013489628314972,
    0.30338981261253356,
    0.2874942119538784,
    0.2753198527097702,
    0.27177128086090085,
    0.2814231404423714,
    0.27387149345874784,
    0.2684289624333382,
    0.26009109131097796,
    0.2577080735087395,
    0.258264245980978,
    0.27199531409740446,
    0.24904269738197327,
    0.253513984310627,
    0.2556517019867897,
    0.24249012124538422,
    0.24376470558047295,
    0.2394295145690441,
    0.23920104901790618,
    0.24987077207118272,
    0.24894298035800458,
    0.24832428567707537,
    0.24410295315384864
  ],
  "val_acc": [
    0.8197,
    0.8441,
    0.8557,
    0.8627,
    0.8718,
    0.8783,
    0.8838,
    0.8931,
    0.8937,
    0.8976,
    0.9027,
    0.9033,
    0.9021,
    0.903,
    0.9034,
    0.9068,
    0.9074,
    0.9081,
    0.906,
    0.9141,
    0.9108,
    0.9122,
    0.9164,
    0.9152,
    0.9188,
    0.9179,
    0.9147,
    0.9178,
    0.9191,
    0.9191
  ]
}