{
  "train_loss": [
    1.1837281249427796,
    0.4590099491500855,
    0.3788123355293274,
    0.3349784650325775,
    0.3041942994785309,
    0.2888387190055847,
    0.2624070079994202,
    0.25124437191963195,
    0.23998808037757874,
    0.22690394165039063,
    0.21596169932365417,
    0.2044904214811325,
    0.19559546267509462,
    0.1878973374080658,
    0.1808064625263214,
    0.16740230501651765,
    0.16056420763492585,
    0.15431388607501983,
    0.14717546773195267,
    0.14089924692630768,
    0.13109787242889404,
    0.12460616681098938,
    0.11743033181667328,
    0.1165790359902382
  ],
  "train_acc": [
    0.76974,
    0.8445,
    0.8674,
    0.88028,
    0.89022,
    0.89436,
    0.90324,
    0.90792,
    0.91146,
    0.91554,
    0.91904,
    0.9237,
    0.92656,
    0.92986,
    0.93316,
    0.9379,
    0.9395,
    0.94286,
    0.94548,
    0.9477,
    0.95186,
    0.95396,
    0.95674,
    0.95706
  ],
  "val_loss": [
    0.5483108385562897,
    0.4431049085021019,
    0.37221351845264433,
    0.36990849236249923,
    0.32901572844982147,
    0.31789464304447174,
    0.3075832035958767,
    0.301175194978714,
    0.2925707590699196,
    0.27947102556228637,
    0.2847527798116207,
    0.28853549910783766,
    0.31683473613262175,
    0.278174075961113,
    0.2627146121531725,
    0.2700101861774921,
    0.29764001083374025,
    0.26381024063229563,
    0.2573882860809565,
    0.26978964557647706,
    0.2607422202631831,
    0.27376546240374444,
    0.264578011316061,
    0.2809737117230892
  ],
  "val_acc": [
    0.8145,
    0.855,
    0.8708,
    0.8685,
    0.8816,
    0.8897,
    0.8929,
    0.8949,
    0.8979,
    0.9022,
    0.9035,
    0.9019,
    0.8946,
    0.9078,
    0.9115,
    0.9063,
    0.9002,
    0.911,
    0.916,
    0.9156,
    0.9135,
    0.9085,
    0.9122,
    0.9114
  ]
}