{
  "train_loss": [
    1.1740817503738403,
    0.45074297132492064,
    0.37496830346107485,
    0.3333689945793152,
    0.29828477139472964,
    0.2818618153190613,
    0.26196484086990357,
    0.24995902756214142,
    0.23941035972118377,
    0.22533264362335206,
    0.21623172150611877,
    0.2048409072637558,
    0.19507841067314147,
    0.18633885157585145,
    0.17983958161354066,
    0.16833646886825562,
    0.15922805552482605,
    0.15702767833471298,
    0.146533716660738
  ],
  "train_acc": [
    0.77,
    0.84474,
    0.86806,
    0.87938,
    0.89214,
    0.89634,
    0.90392,
    0.90868,
    0.9118,
    0.91634,
    0.91916,
    0.92386,
    0.92636,
    0.93014,
    0.93278,
    0.93602,
    0.94074,
    0.94086,
    0.94592
  ],
  "val_loss": [
    0.5655034899711608,
    0.4405165499687195,
    0.37738315191268923,
    0.35266921606063845,
    0.32610277447700503,
    0.3175535257697105,
    0.3004526259660721,
    0.31925991514921187,
    0.2942068798899651,
    0.29353392632007597,
    0.284119200065732,
    0.2773573904275894,
    0.2941203462198377,
    0.26204753396064046,
    0.26862218564748763,
    0.2717904913663864,
    0.2826522055864334,
    0.2736822876393795,
    0.29653879708349706
  ],
  "val_acc": [
    0.8163,
    0.8513,
    0.8678,
    0.8766,
    0.8875,
    0.8897,
    0.8968,
    0.8906,
    0.9002,
    0.8976,
    0.9019,
    0.9046,
    0.8977,
    0.9083,
    0.9114,
    0.9056,
    0.9024,
    0.91,
    0.9083
  ]
}