{
  "train_loss": [
    1.44172685213089,
    0.6190855138015747,
    0.5285712697792053,
    0.4830972624015808,
    0.44536863275527955,
    0.41945863767623903,
    0.39780286980628965,
    0.3893772808456421,
    0.3694246212387085,
    0.3538162732887268,
    0.34528350439071653,
    0.32663843336105347,
    0.31835923706054686,
    0.3092900077819824,
    0.30249694934844973,
    0.29581598452568053,
    0.28748854452133177,
    0.2818259684085846,
    0.27538871749162674,
    0.2710249313354492,
    0.2647523842144012,
    0.2571967581939697,
    0.25045121950626376,
    0.2460127278470993,
    0.2421054466819763,
    0.23434660628318787,
    0.23246432231903078,
    0.2295700046825409,
    0.22434003059864044,
    0.21929279714584352,
    0.21787190113544463,
    0.2155168721961975,
    0.2121583086681366,
    0.210476612200737,
    0.202991267414093,
    0.20039026207447053,
    0.2011751922416687,
    0.19705961430072785
  ],
  "train_acc": [
    0.67152,
    0.779,
    0.81052,
    0.82424,
    0.83852,
    0.84812,
    0.85588,
    0.85874,
    0.86436,
    0.86812,
    0.87264,
    0.87878,
    0.88244,
    0.88528,
    0.88998,
    0.89018,
    0.89234,
    0.89546,
    0.8973,
    0.89888,
    0.9001,
    0.90392,
    0.90644,
    0.90696,
    0.9102,
    0.91278,
    0.91394,
    0.9144,
    0.9171,
    0.91702,
    0.91892,
    0.91878,
    0.92034,
    0.92106,
    0.92444,
    0.92476,
    0.92466,
    0.92616
  ],
  "val_loss": [
    0.5469230429649353,
    0.469273806142807,
    0.42479026067256925,
    0.40557340965270994,
    0.3646611784696579,
    0.3510210871219635,
    0.33793122351169586,
    0.3246795732021332,
    0.31575709199905394,
    0.30724283291101456,
    0.29642577691078187,
    0.287553766644001,
    0.28746542748212817,
    0.2792384603023529,
    0.2697318650960922,
    0.26918404980897903,
    0.25456242715120314,
    0.2605865170955658,
    0.26163518694639204,
    0.2544140282392502,
    0.24952665355205536,
    0.2553441962003708,
    0.24340454353094101,
    0.2384767494916916,
    0.23418090826869012,
    0.24258172749876977,
    0.23509957753121852,
    0.2305728977560997,
    0.23624180750846863,
    0.24478274561166763,
    0.2378875998020172,
    0.23141271328926086,
    0.2279802177220583,
    0.22927920569181443,
    0.23489839685559272,
    0.22974201302826405,
    0.23291619434654712,
    0.23455367364883423
  ],
  "val_acc": [
    0.802,
    0.8292,
    0.8477,
    0.8493,
    0.8677,
    0.8711,
    0.8816,
    0.8794,
    0.8835,
    0.889,
    0.8921,
    0.8952,
    0.8954,
    0.8979,
    0.9019,
    0.9004,
    0.9064,
    0.9041,
    0.9071,
    0.906,
    0.9106,
    0.9052,
    0.9127,
    0.9125,
    0.9155,
    0.912,
    0.9166,
    0.9162,
    0.9141,
    0.9105,
    0.9155,
    0.9163,
    0.9188,
    0.9165,
    0.9178,
    0.9208,
    0.9186,
    0.9176
  ]
}