{
  "train_loss": [
    0.6100185130500794,
    0.340187983045578,
    0.28028663031578066,
    0.24529984403133392,
    0.22158750252723694,
    0.2019078596019745,
    0.18137918692588806,
    0.16762146136283876,
    0.15429108096837998,
    0.1410410506939888,
    0.12999291395425797,
    0.11543797796487808,
    0.10267619687080383,
    0.09359360859155655,
    0.08650343660831451,
    0.07968228652238846,
    0.06684342801570892
  ],
  "train_acc": [
    0.79742,
    0.87758,
    0.89932,
    0.91174,
    0.92114,
    0.92616,
    0.9348,
    0.94036,
    0.94344,
    0.94776,
    0.95276,
    0.95914,
    0.96248,
    0.96562,
    0.96916,
    0.97104,
    0.97612
  ],
  "val_loss": [
    0.4010885604143143,
    0.3050838980436325,
    0.44586549849510193,
    0.2930458924293518,
    0.2556405920624733,
    0.22182526119053364,
    0.2232216549307108,
    0.23036868385672568,
    0.23047387859225274,
    0.21656074805036188,
    0.23276900947391987,
    0.21192640932463108,
    0.22824751824215053,
    0.27006141489222646,
    0.2236113508373499,
    0.36942814269810914,
    0.24229824769478292
  ],
  "val_acc": [
    0.854,
    0.8892,
    0.8554,
    0.8966,
    0.9078,
    0.9195,
    0.9173,
    0.9179,
    0.9194,
    0.925,
    0.9224,
    0.9293,
    0.9198,
    0.9153,
    0.9307,
    0.905,
    0.9278
  ]
}