{
  "train_loss": [
    1.3387798908424378,
    0.5551937072563171,
    0.47919351326942444,
    0.43128322112083434,
    0.3985443826007843,
    0.3738810306930542,
    0.35123906509399416,
    0.33498651951789854,
    0.3179720969676971,
    0.3105840243625641,
    0.29549981186389923,
    0.2834439099121094,
    0.27532731085777284,
    0.2659477138233185,
    0.25660934534072877,
    0.2521395681476593,
    0.23853094985961915,
    0.2379641985988617,
    0.22739896927833558,
    0.22187814707756043,
    0.2138918700504303,
    0.20884442690849303,
    0.20103348047733308,
    0.1949926556110382,
    0.19290099280357362,
    0.18550498833656312,
    0.18350010402679443,
    0.177468634724617,
    0.1721421546459198,
    0.1682635585641861,
    0.16475496024608613,
    0.16060073287010193,
    0.15659775103092194
  ],
  "train_acc": [
    0.69768,
    0.79748,
    0.8237,
    0.8409,
    0.85204,
    0.86278,
    0.8702,
    0.87536,
    0.88148,
    0.8847,
    0.89074,
    0.8942,
    0.89788,
    0.89868,
    0.90392,
    0.90522,
    0.90868,
    0.91064,
    0.91406,
    0.9141,
    0.91954,
    0.92114,
    0.92444,
    0.92484,
    0.9269,
    0.93056,
    0.9297,
    0.93202,
    0.93444,
    0.93446,
    0.93684,
    0.93742,
    0.93972
  ],
  "val_loss": [
    0.5108008422851562,
    0.4331536265850067,
    0.40826442275047303,
    0.3694748110294342,
    0.3482742733001709,
    0.32622390801906587,
    0.3171582011938095,
    0.3089027606248856,
    0.29841384041309355,
    0.2859517302632332,
    0.2705722788333893,
    0.2745332623839378,
    0.2758212487697601,
    0.26434828782081604,
    0.267599356764555,
    0.26160809023380277,
    0.2595901654601097,
    0.2591948807805777,
    0.2573082955479622,
    0.24748199237883092,
    0.2507533764988184,
    0.2599753568470478,
    0.2427769338130951,
    0.2450951852440834,
    0.24106275854855777,
    0.24719281835258006,
    0.2500960390515625,
    0.23752676994651556,
    0.25566161744892596,
    0.24903058705031872,
    0.24087067865133285,
    0.2443581099577248,
    0.2440868374556303
  ],
  "val_acc": [
    0.8166,
    0.8434,
    0.8554,
    0.8685,
    0.8759,
    0.8835,
    0.8848,
    0.89,
    0.8932,
    0.8984,
    0.9025,
    0.9048,
    0.9019,
    0.9071,
    0.9059,
    0.9079,
    0.9057,
    0.911,
    0.9134,
    0.9154,
    0.9143,
    0.9131,
    0.9182,
    0.916,
    0.9209,
    0.9165,
    0.9204,
    0.9216,
    0.9194,
    0.9149,
    0.922,
    0.9214,
    0.9206
  ]
}