{
  "train_loss": [
    6.385635577392578,
    1.1460819442749024,
    0.9463853048086166,
    0.8312480770111084,
    0.7592633653640747,
    0.7039425730228424,
    0.6648059224128723,
    0.623032192993164,
    0.6220251796722412,
    0.587790125656128,
    0.5489702085971833,
    0.5288335029125214,
    0.5059270193099975,
    0.47381632056236267,
    0.46863860168457033,
    0.46670957460403445,
    0.43582188596725463,
    0.44181668553352355,
    0.4047732396125793,
    0.38792053537368776,
    0.3944862413406372,
    0.36416716632843016,
    0.3940436535835266,
    0.3657103442192078,
    0.3588050443649292,
    0.3771161612987518,
    0.35763999453783035,
    0.3347549885749817,
    0.3212330600261688,
    0.32528299765586854,
    0.2965048637866974,
    0.2877753047466278,
    0.2744192259788513,
    0.2924914156913757,
    0.30615451955795286,
    0.2988153768539429,
    0.2755931275010109,
    0.25774238004684447,
    0.3215556593894959,
    0.2810796386241913,
    0.25356315460205076,
    0.25060880196094515
  ],
  "train_acc": [
    0.4776,
    0.6166,
    0.674,
    0.71,
    0.7326,
    0.7516,
    0.757,
    0.7706,
    0.7672,
    0.7848,
    0.793,
    0.7958,
    0.8084,
    0.8208,
    0.8258,
    0.8268,
    0.833,
    0.8256,
    0.8452,
    0.8526,
    0.8502,
    0.857,
    0.8474,
    0.8652,
    0.8592,
    0.8546,
    0.857,
    0.8732,
    0.8736,
    0.8794,
    0.8858,
    0.891,
    0.889,
    0.8856,
    0.876,
    0.881,
    0.8896,
    0.8958,
    0.8792,
    0.8876,
    0.898,
    0.9058
  ],
  "val_loss": [
    1.042200094985962,
    0.7990754076004029,
    0.7017379590034485,
    0.6702177129745484,
    0.6111185350418091,
    0.5924326439857482,
    0.5554280534744263,
    0.5608766080856323,
    0.5295666390419006,
    0.5089216506004334,
    0.5244553941249848,
    0.49645761795043947,
    0.4981816631793976,
    0.47739425468444824,
    0.47947680554389954,
    0.4823055307865143,
    0.47647935733795166,
    0.4517882248401642,
    0.44783962478637696,
    0.477717280292511,
    0.4465457883834839,
    0.4429657395362854,
    0.4527237359046936,
    0.4574541492462158,
    0.44534585161209106,
    0.4363474507808685,
    0.43411114401817325,
    0.43796132960319517,
    0.4394790338516235,
    0.448826398563385,
    0.4308800397872925,
    0.4271567551136017,
    0.4347497754096985,
    0.43238652205467226,
    0.45214142875671387,
    0.44037533059120176,
    0.4140410939216614,
    0.438283815574646,
    0.439802595615387,
    0.4157733023405075,
    0.4336618315219879,
    0.428224688911438
  ],
  "val_acc": [
    0.6516,
    0.7238,
    0.7467,
    0.7585,
    0.7749,
    0.7901,
    0.7995,
    0.796,
    0.809,
    0.8134,
    0.8169,
    0.8219,
    0.8234,
    0.8281,
    0.8287,
    0.8301,
    0.8298,
    0.8399,
    0.8421,
    0.8409,
    0.8427,
    0.8507,
    0.8432,
    0.8437,
    0.845,
    0.8501,
    0.8496,
    0.8533,
    0.8512,
    0.8506,
    0.8541,
    0.8539,
    0.8554,
    0.8544,
    0.8503,
    0.8544,
    0.8613,
    0.8582,
    0.8542,
    0.8588,
    0.8607,
    0.8588
  ]
}