{
  "train_loss": [
    6.385749263000489,
    1.1445043418884278,
    0.9347466388702392,
    0.8244695821762085,
    0.7653068916320801,
    0.7095008751392364,
    0.6678328524589539,
    0.6335389671325684,
    0.6281181205749512,
    0.573625270652771,
    0.5497100377082824,
    0.5305583619832993,
    0.5053263062953949,
    0.5063176356315613,
    0.4883992752075195,
    0.4944182590484619,
    0.4599697045326233,
    0.4523830671787262,
    0.4283337244987488,
    0.41640927221775054,
    0.3943549280166626,
    0.3780861561775207,
    0.43488108596801756,
    0.3870402688026428,
    0.39493592019081114,
    0.40391114797592165,
    0.35574494601488116,
    0.3289508512020111,
    0.3210573622226715,
    0.33707069296836856,
    0.30667761800289156,
    0.30992433074712755
  ],
  "train_acc": [
    0.4782,
    0.6182,
    0.6778,
    0.7078,
    0.7256,
    0.754,
    0.7606,
    0.7674,
    0.768,
    0.788,
    0.7958,
    0.8028,
    0.8056,
    0.8126,
    0.8116,
    0.8076,
    0.8272,
    0.823,
    0.8344,
    0.8432,
    0.8456,
    0.851,
    0.8276,
    0.8542,
    0.8456,
    0.846,
    0.8598,
    0.8768,
    0.8784,
    0.8714,
    0.8836,
    0.881
  ],
  "val_loss": [
    1.0411781059265137,
    0.7941806089401245,
    0.6916912242889405,
    0.6625694779396057,
    0.6167511374473572,
    0.5972278958320618,
    0.5516810867309571,
    0.5583888738632202,
    0.5302787734031678,
    0.5184550743103027,
    0.5088787637710571,
    0.5055742689132691,
    0.4997007933139801,
    0.4845396353721619,
    0.48004712891578677,
    0.4700459725379944,
    0.47772277193069457,
    0.46348574161529543,
    0.4579955723762512,
    0.45647050342559814,
    0.4687952087402344,
    0.4418201759338379,
    0.44676505222320556,
    0.46853021450042726,
    0.45482093467712403,
    0.44479082431793215,
    0.4379275356769562,
    0.45201778140068055,
    0.44956207904815676,
    0.45370938863754273,
    0.43869797792434695,
    0.4529733570098877
  ],
  "val_acc": [
    0.6508,
    0.7211,
    0.7493,
    0.7605,
    0.7747,
    0.7915,
    0.7969,
    0.7971,
    0.8108,
    0.8138,
    0.8197,
    0.8117,
    0.8244,
    0.8281,
    0.8302,
    0.8346,
    0.8307,
    0.8371,
    0.8419,
    0.8379,
    0.8384,
    0.8482,
    0.8443,
    0.8386,
    0.84,
    0.8523,
    0.8487,
    0.8523,
    0.8498,
    0.8532,
    0.8556,
    0.8496
  ]
}