{
  "train_loss": [
    3.8751464754104616,
    0.8911415205001831,
    0.7620101793766022,
    0.6764441687107087,
    0.6276179921150208,
    0.5833024329185486,
    0.5338368764877319,
    0.5377433530807495,
    0.4860421872138977,
    0.47738309907913207,
    0.4470905828952789,
    0.4250253909111023,
    0.41317028412818907,
    0.4022164068698883,
    0.38960565419197085,
    0.3682581025362015,
    0.3711221946716309,
    0.36324228906631467,
    0.35330014472007754,
    0.33950441055297853,
    0.3279883660316467,
    0.3129216513633728,
    0.32486257343292235,
    0.3088885047912598,
    0.2968991713047028,
    0.2926725341796875,
    0.29103413529396055,
    0.272796164727211
  ],
  "train_acc": [
    0.5396,
    0.6846,
    0.7255,
    0.7509,
    0.7714,
    0.779,
    0.803,
    0.7987,
    0.8193,
    0.8236,
    0.8326,
    0.8402,
    0.8444,
    0.8443,
    0.8511,
    0.8628,
    0.857,
    0.8646,
    0.8634,
    0.8674,
    0.8723,
    0.8772,
    0.8746,
    0.8799,
    0.8858,
    0.8867,
    0.8849,
    0.8954
  ],
  "val_loss": [
    0.8011208154678344,
    0.6637403171539307,
    0.5869473740577698,
    0.5422241574287414,
    0.5210413515090943,
    0.48895214443206786,
    0.505500199508667,
    0.45069196252822874,
    0.4453107999801636,
    0.4274697072982788,
    0.4192157432556152,
    0.41005287857055667,
    0.40511263189315794,
    0.4193027147769928,
    0.4022590856552124,
    0.40856055216789244,
    0.39424728479385374,
    0.38236878719329837,
    0.3896661365509033,
    0.39728334875106813,
    0.37487700266838075,
    0.38492900896072385,
    0.36682483310699465,
    0.3747666927337647,
    0.3799508679866791,
    0.3687817205429077,
    0.367879953289032,
    0.3839564126968384
  ],
  "val_acc": [
    0.7174,
    0.7545,
    0.7866,
    0.8043,
    0.8054,
    0.8255,
    0.8141,
    0.8364,
    0.838,
    0.8463,
    0.8508,
    0.8535,
    0.8535,
    0.855,
    0.8581,
    0.8571,
    0.859,
    0.8631,
    0.8626,
    0.8611,
    0.8691,
    0.8684,
    0.8696,
    0.87,
    0.8672,
    0.8694,
    0.871,
    0.871
  ]
}