{
  "train_loss": [
    1.3398746671485902,
    0.5592369910049438,
    0.47987628492355344,
    0.4349020290184021,
    0.3993707243442535,
    0.3734177638530731,
    0.35219405557632444,
    0.33624323858261107,
    0.3238430916881561,
    0.30950410408973694,
    0.2982476478767395,
    0.2843477257823944,
    0.2754569725608826,
    0.26597532614707947,
    0.25901575507164004,
    0.25241298482894897,
    0.24175205879211425,
    0.23723012543678285,
    0.23023052823066711,
    0.22233817582607268,
    0.21489770164489747,
    0.20906884015083313,
    0.20308985518932343,
    0.1949135547733307,
    0.1927127305984497,
    0.18804838903427123,
    0.1849979409599304,
    0.1782942651462555,
    0.17182359916210174,
    0.1678677037334442,
    0.16518188075780868,
    0.16254711029529573,
    0.15711564831256866
  ],
  "train_acc": [
    0.6977,
    0.79632,
    0.82594,
    0.84012,
    0.85284,
    0.86188,
    0.86958,
    0.87656,
    0.88008,
    0.88418,
    0.88944,
    0.89382,
    0.8969,
    0.89952,
    0.90336,
    0.90484,
    0.9092,
    0.91062,
    0.91446,
    0.9162,
    0.91732,
    0.92046,
    0.92288,
    0.92584,
    0.92622,
    0.92846,
    0.9294,
    0.93142,
    0.9343,
    0.9355,
    0.93716,
    0.93812,
    0.93836
  ],
  "val_loss": [
    0.5196520181655884,
    0.4400484372138977,
    0.3998171585559845,
    0.3612415990591049,
    0.3486184692621231,
    0.32680487365722655,
    0.3197237798213959,
    0.3135289715528488,
    0.3036467564702034,
    0.2880224531650543,
    0.27868319355249405,
    0.2751524236679077,
    0.27815720896720886,
    0.2594894143819809,
    0.26656848880052564,
    0.2558653156042099,
    0.2477859029650688,
    0.24177396806478502,
    0.2423422389924526,
    0.2428033657670021,
    0.248237009370327,
    0.26193875125646593,
    0.23835442716479302,
    0.2392224653482437,
    0.23263328106105327,
    0.2403478395372629,
    0.24768179357647896,
    0.22554297319501637,
    0.2564696038395166,
    0.2452541843548417,
    0.2461762927353382,
    0.24765593461841345,
    0.2395751598238945
  ],
  "val_acc": [
    0.8169,
    0.84,
    0.856,
    0.8658,
    0.8749,
    0.8809,
    0.8831,
    0.8887,
    0.8915,
    0.8991,
    0.9031,
    0.9044,
    0.902,
    0.91,
    0.908,
    0.9094,
    0.9109,
    0.9142,
    0.9169,
    0.9175,
    0.9152,
    0.9129,
    0.9183,
    0.9215,
    0.9227,
    0.9198,
    0.9173,
    0.9221,
    0.9162,
    0.917,
    0.9208,
    0.9174,
    0.9222
  ]
}