{
  "train_loss": [
    18.612583656311035,
    6.154664485931397,
    3.4819229011535646,
    1.8394476881027222,
    1.4103429536819458,
    1.1014902715682984,
    0.9825307979583741,
    0.8450270514488221,
    0.8263355627059936,
    0.7610891976356506,
    0.7069805212020874,
    0.7081675057411194,
    0.6925770015716552,
    0.6469413442611694,
    0.6027761144638062,
    0.5678962292671204,
    0.5610908117294312,
    0.5521523501873017,
    0.49785708379745486,
    0.48856713676452634,
    0.4706500778198242,
    0.4254648184776306,
    0.4043084077835083,
    0.37595279431343076,
    0.3909099836349487,
    0.3451862444877625,
    0.3379857649803162,
    0.3445901615619659,
    0.3457356140613556,
    0.2918419713973999,
    0.3046499602794647
  ],
  "train_acc": [
    0.197,
    0.453,
    0.506,
    0.582,
    0.583,
    0.643,
    0.668,
    0.723,
    0.725,
    0.746,
    0.754,
    0.752,
    0.774,
    0.776,
    0.793,
    0.796,
    0.8,
    0.806,
    0.824,
    0.825,
    0.836,
    0.843,
    0.864,
    0.871,
    0.867,
    0.873,
    0.874,
    0.882,
    0.874,
    0.895,
    0.887
  ],
  "val_loss": [
    3.3649703414916994,
    2.188053326034546,
    1.6189317726135255,
    1.3699064765930176,
    1.1108139957427978,
    0.9913234223365783,
    0.9350471692085266,
    0.9108688262939453,
    0.8917068649291993,
    0.8780226453781128,
    0.8661340570449829,
    0.8550960502624512,
    0.8316734656333923,
    0.8192310317993164,
    0.8129847654342651,
    0.8166276983261108,
    0.7982483989715576,
    0.7934988314628602,
    0.7977874635696411,
    0.7809086132049561,
    0.7784878234863282,
    0.7755093146324158,
    0.7847241491317749,
    0.7679843320846558,
    0.7653359783172607,
    0.7601671321868897,
    0.7601005014419555,
    0.7594970755577087,
    0.7727391130447387,
    0.7639941866874694,
    0.7639797620773315
  ],
  "val_acc": [
    0.2911,
    0.4805,
    0.5582,
    0.5951,
    0.6444,
    0.6706,
    0.6949,
    0.7098,
    0.722,
    0.7269,
    0.729,
    0.7332,
    0.7368,
    0.7349,
    0.7389,
    0.7453,
    0.7498,
    0.7516,
    0.7517,
    0.7529,
    0.7597,
    0.7581,
    0.7611,
    0.7673,
    0.7644,
    0.7649,
    0.7684,
    0.7687,
    0.7666,
    0.7747,
    0.7715
  ]
}