{
  "train_loss": [
    1.2646364937591552,
    0.5726092540359498,
    0.48629375527381896,
    0.44456329909324643,
    0.41214598806381225,
    0.395624311580658,
    0.3773629455757141,
    0.36298317204475405,
    0.3552890635490418,
    0.34864496536254885,
    0.34278525943756105,
    0.3329141895008087,
    0.32377306408405304,
    0.31714650387763976,
    0.31333271136283875,
    0.31437605778694155,
    0.3010361506748199,
    0.29841791621685027,
    0.29117535714149473
  ],
  "train_acc": [
    0.73278,
    0.80276,
    0.82804,
    0.8406,
    0.85214,
    0.8559,
    0.86294,
    0.86822,
    0.86876,
    0.87306,
    0.87428,
    0.87736,
    0.88052,
    0.88298,
    0.88372,
    0.8845,
    0.88918,
    0.89096,
    0.89176
  ],
  "val_loss": [
    0.4842500864028931,
    0.45137456226348877,
    0.38564313420057295,
    0.3782088016986847,
    0.3641622291088104,
    0.3640389407634735,
    0.3498085629940033,
    0.3662307197928429,
    0.3412243555545807,
    0.33979743843078614,
    0.33410301129817965,
    0.32603242855072023,
    0.32783340213298795,
    0.31336949162483213,
    0.32153590853214264,
    0.3171822227716446,
    0.3156466498732567,
    0.3222376834988594,
    0.3387413228750229
  ],
  "val_acc": [
    0.8331,
    0.8378,
    0.8615,
    0.8623,
    0.869,
    0.87,
    0.8767,
    0.8686,
    0.8809,
    0.879,
    0.8809,
    0.8819,
    0.8814,
    0.8878,
    0.8858,
    0.8871,
    0.8876,
    0.8841,
    0.8832
  ]
}