{
  "train_loss": [
    3.091450549125671,
    0.996216788482666,
    0.7872123374938965,
    0.6725387234687805,
    0.5978951020240784,
    0.560360335969925,
    0.5116434662818908,
    0.5063375497341156,
    0.4705280207633972,
    0.44265937404632566,
    0.43813744592666626,
    0.4215394802570343,
    0.3952060149908066,
    0.3790944646835327,
    0.3735983495235443,
    0.37094074726104737,
    0.3746275068283081,
    0.34421544213294986,
    0.33286773953437804,
    0.34173318104743955,
    0.3313864764213562,
    0.32080668292045594,
    0.3272068427324295,
    0.31642048897743225,
    0.2964260581970215,
    0.2859888866662979,
    0.2706304783821106,
    0.2764977961063385
  ],
  "train_acc": [
    0.638,
    0.7223,
    0.7559,
    0.7761,
    0.7968,
    0.8084,
    0.819,
    0.8226,
    0.8347,
    0.836,
    0.8422,
    0.8479,
    0.855,
    0.8632,
    0.8621,
    0.8608,
    0.8644,
    0.8711,
    0.8777,
    0.8726,
    0.8773,
    0.8792,
    0.8776,
    0.8843,
    0.8866,
    0.8936,
    0.8968,
    0.8946
  ],
  "val_loss": [
    0.6867239119529724,
    0.5540029483795166,
    0.5091075665473938,
    0.4957478941917419,
    0.4513863145828247,
    0.4388605395317078,
    0.4360310760498047,
    0.43849229373931886,
    0.42341326694488524,
    0.42891032371521,
    0.4121172668457031,
    0.41673445205688475,
    0.4102187738418579,
    0.4020762971878052,
    0.39830246391296387,
    0.4016001647949219,
    0.4070653480529785,
    0.40467839546203616,
    0.39536734328269957,
    0.4270724514961243,
    0.40830433807373046,
    0.4048259452819824,
    0.38587395172119143,
    0.40798966245651247,
    0.4038822467803955,
    0.3876351251602173,
    0.42470147151947024,
    0.4213916498184204
  ],
  "val_acc": [
    0.791,
    0.8115,
    0.8228,
    0.8253,
    0.8418,
    0.8421,
    0.848,
    0.848,
    0.8535,
    0.8491,
    0.8522,
    0.8516,
    0.8601,
    0.8566,
    0.8604,
    0.8636,
    0.8574,
    0.8626,
    0.8614,
    0.8558,
    0.8638,
    0.86,
    0.8676,
    0.8644,
    0.8595,
    0.8686,
    0.8577,
    0.8618
  ]
}