{
  "train_loss": [
    11.174898696899414,
    4.757870685577393,
    2.9598436946868896,
    2.1080950546264647,
    1.6214809684753417,
    1.321715048789978,
    1.11589866065979,
    0.9787543635368348,
    0.7794483737945557,
    0.7131557984352112,
    0.7277699761390686,
    0.6233158922195434,
    0.5570287880897522,
    0.49111946511268617,
    0.5589631862640381,
    0.4145088744163513,
    0.41850938558578493,
    0.42446576118469237,
    0.36080878376960757
  ],
  "train_acc": [
    0.38,
    0.597,
    0.633,
    0.702,
    0.71,
    0.731,
    0.749,
    0.775,
    0.815,
    0.807,
    0.798,
    0.815,
    0.824,
    0.845,
    0.833,
    0.875,
    0.866,
    0.866,
    0.884
  ],
  "val_loss": [
    3.1838152549743652,
    1.7828687397003173,
    1.3881676761627197,
    1.1758364206314087,
    1.1103607452392579,
    1.014296909713745,
    0.9750372251510621,
    0.9200361848831177,
    0.8601685766220093,
    0.8959759817123413,
    0.8511656930923462,
    0.8774715047836303,
    0.8382206060409546,
    0.7799232120513916,
    0.7928535093307495,
    0.8596516567230225,
    0.8057087173461914,
    0.8278587736129761,
    0.8402536302566528
  ],
  "val_acc": [
    0.6463,
    0.7246,
    0.7391,
    0.7531,
    0.7578,
    0.7675,
    0.7714,
    0.7791,
    0.7833,
    0.7759,
    0.7768,
    0.7791,
    0.7745,
    0.7933,
    0.7902,
    0.7897,
    0.7935,
    0.7941,
    0.7974
  ]
}