{
  "train_loss": [
    3.091450734901428,
    0.996216833782196,
    0.7872123279571533,
    0.672538693523407,
    0.5978950850963592,
    0.5608750741958618,
    0.5151703706741333,
    0.4945798404693604,
    0.46619367771148684,
    0.4531023013114929,
    0.4358860013484955,
    0.41272201561927796,
    0.4048444546699524,
    0.38689329833984376,
    0.38442225437164307,
    0.37038725304603576,
    0.36064520711898806,
    0.3365430136680603,
    0.33054325919151306,
    0.3371486207962036,
    0.3385094660282135,
    0.32610781660079957
  ],
  "train_acc": [
    0.638,
    0.7223,
    0.7559,
    0.7761,
    0.7968,
    0.8084,
    0.8176,
    0.8228,
    0.8343,
    0.8344,
    0.8409,
    0.8466,
    0.85,
    0.8581,
    0.8577,
    0.8611,
    0.867,
    0.8739,
    0.8749,
    0.8708,
    0.8772,
    0.8776
  ],
  "val_loss": [
    0.686723884487152,
    0.5540029945373535,
    0.5091075861930847,
    0.49574792881011964,
    0.45138631324768064,
    0.43788311676979064,
    0.44199019298553466,
    0.4349874828338623,
    0.44543907680511474,
    0.4282898380279541,
    0.4214283241271973,
    0.4197891628265381,
    0.4074985342025757,
    0.4169685461044311,
    0.4071470623016357,
    0.4187441337585449,
    0.3925122165679932,
    0.3953989709854126,
    0.4119787603378296,
    0.40122367458343505,
    0.40139736442565915,
    0.4192725036621094
  ],
  "val_acc": [
    0.791,
    0.8115,
    0.8228,
    0.8253,
    0.8418,
    0.8415,
    0.8468,
    0.8472,
    0.8448,
    0.8473,
    0.8502,
    0.8502,
    0.8553,
    0.8574,
    0.8606,
    0.8592,
    0.8685,
    0.8629,
    0.86,
    0.8593,
    0.8644,
    0.8646
  ]
}