{
  "train_loss": [
    18.612561683654786,
    6.159410778045654,
    3.477433612823486,
    1.8416228532791137,
    1.4103598623275757,
    1.0995945262908935,
    0.9802061014175415,
    0.8444551644325257,
    0.8336742086410522,
    0.7602643156051636,
    0.703803840637207,
    0.7054109025001526,
    0.6937661600112915,
    0.6084860291481018,
    0.5886583423614502,
    0.558796629667282,
    0.5536477003097534,
    0.5313402593135834,
    0.49070464897155763,
    0.48611261749267576,
    0.47491567087173464,
    0.4195863561630249,
    0.41908717799186707,
    0.3750907287597656,
    0.3895087502002716,
    0.35178703236579895,
    0.32786308002471926,
    0.3250284514427185,
    0.32992683815956114,
    0.2853243913650513,
    0.28657080459594725
  ],
  "train_acc": [
    0.197,
    0.451,
    0.509,
    0.585,
    0.58,
    0.639,
    0.679,
    0.727,
    0.719,
    0.751,
    0.745,
    0.763,
    0.775,
    0.791,
    0.802,
    0.81,
    0.796,
    0.815,
    0.826,
    0.822,
    0.828,
    0.857,
    0.854,
    0.879,
    0.867,
    0.873,
    0.878,
    0.894,
    0.875,
    0.895,
    0.907
  ],
  "val_loss": [
    3.39142511138916,
    2.194221105194092,
    1.6167181098937988,
    1.3838966436386109,
    1.1068869718551635,
    0.9896129370689392,
    0.937917720413208,
    0.9112503120422363,
    0.8918542310714722,
    0.877178789138794,
    0.8561307311058044,
    0.8531898836135864,
    0.8323714712142944,
    0.8285298152923584,
    0.8144463111877441,
    0.831806132698059,
    0.8039340641975403,
    0.7925268023490906,
    0.7988039731979371,
    0.7836316637039185,
    0.7753848274230957,
    0.7859999055862427,
    0.7879980027198792,
    0.7877902339935303,
    0.7810228446960449,
    0.7507297762870788,
    0.7666274202346802,
    0.7847294652938843,
    0.7910865604400634,
    0.7691885864257813,
    0.7646046092987061
  ],
  "val_acc": [
    0.2875,
    0.4805,
    0.5574,
    0.5925,
    0.6472,
    0.6725,
    0.6935,
    0.7106,
    0.7201,
    0.7238,
    0.7287,
    0.7331,
    0.7348,
    0.7349,
    0.741,
    0.7443,
    0.7518,
    0.7516,
    0.7548,
    0.7566,
    0.7599,
    0.7606,
    0.76,
    0.7589,
    0.766,
    0.7689,
    0.7675,
    0.7668,
    0.7706,
    0.7741,
    0.7695
  ]
}