{
  "train_loss": [
    5.000463021659851,
    1.500767603802681,
    1.006557940864563,
    0.9065168416976929,
    0.780813639831543,
    0.6989309701919556,
    0.6743912454605102,
    0.6125492725372315,
    0.5796528241634369,
    0.5161446352481842,
    0.508653383731842,
    0.49267776489257814,
    0.5252266567230225,
    0.4360808689117432,
    0.49216850051879885,
    0.4616790822982788
  ],
  "train_acc": [
    0.5826,
    0.6804,
    0.723,
    0.735,
    0.7514,
    0.7808,
    0.7748,
    0.7934,
    0.7938,
    0.8208,
    0.8246,
    0.8282,
    0.8162,
    0.841,
    0.8266,
    0.837
  ],
  "val_loss": [
    0.9467253059387207,
    0.6740451002597809,
    0.585391135597229,
    0.5728461652755737,
    0.5363705522537231,
    0.5297253587722778,
    0.500069650554657,
    0.48930461311340334,
    0.5018776630401611,
    0.4816960845470428,
    0.46280886011123656,
    0.4682295735836029,
    0.47703267402648925,
    0.46403923978805545,
    0.47494890689849856,
    0.4939874188423157
  ],
  "val_acc": [
    0.7437,
    0.7899,
    0.8102,
    0.805,
    0.817,
    0.816,
    0.8304,
    0.8315,
    0.8312,
    0.831,
    0.8359,
    0.8396,
    0.8384,
    0.8445,
    0.8409,
    0.8261
  ]
}